Entity,Code,Year,"Death rate per 100,000 people - Cause: Diabetes mellitus - Sex: Both sexes - Age_group: ALLAges"
Afghanistan,AFG,2000,9.91
Afghanistan,AFG,2001,10.4
Afghanistan,AFG,2002,10.88
Afghanistan,AFG,2003,11.16
Afghanistan,AFG,2004,11.53
Afghanistan,AFG,2005,11.72
Afghanistan,AFG,2006,11.94
Afghanistan,AFG,2007,12.2
Afghanistan,AFG,2008,12.31
Afghanistan,AFG,2009,12.23
Afghanistan,AFG,2010,12.4
Afghanistan,AFG,2011,12.57
Afghanistan,AFG,2012,12.7
Afghanistan,AFG,2013,13.01
Afghanistan,AFG,2014,13.24
Afghanistan,AFG,2015,13.57
Afghanistan,AFG,2016,14.18
Afghanistan,AFG,2017,14.4
Afghanistan,AFG,2018,14.68
Afghanistan,AFG,2019,15.13
Africa,,2000,16.524847
Africa,,2001,16.585882
Africa,,2002,16.653805
Africa,,2003,16.769777
Africa,,2004,16.698668
Africa,,2005,16.628147
Africa,,2006,16.861107
Africa,,2007,16.900537
Africa,,2008,16.988708
Africa,,2009,16.95613
Africa,,2010,16.835958
Africa,,2011,16.781687
Africa,,2012,16.74412
Africa,,2013,16.575733
Africa,,2014,16.493084
Africa,,2015,16.517803
Africa,,2016,16.485983
Africa,,2017,16.314352
Africa,,2018,16.12284
Africa,,2019,16.019657
Albania,ALB,2000,4.89
Albania,ALB,2001,4.05
Albania,ALB,2002,4.56
Albania,ALB,2003,5.1
Albania,ALB,2004,4.94
Albania,ALB,2005,5.34
Albania,ALB,2006,5.63
Albania,ALB,2007,5.27
Albania,ALB,2008,4.92
Albania,ALB,2009,4.65
Albania,ALB,2010,4.51
Albania,ALB,2011,4.61
Albania,ALB,2012,4.72
Albania,ALB,2013,4.77
Albania,ALB,2014,4.95
Albania,ALB,2015,5.57
Albania,ALB,2016,5.84
Albania,ALB,2017,6.3
Albania,ALB,2018,6.76
Albania,ALB,2019,7.24
Algeria,DZA,2000,5.64
Algeria,DZA,2001,5.96
Algeria,DZA,2002,6.27
Algeria,DZA,2003,6.45
Algeria,DZA,2004,6.76
Algeria,DZA,2005,7.03
Algeria,DZA,2006,7.36
Algeria,DZA,2007,7.62
Algeria,DZA,2008,7.9
Algeria,DZA,2009,8.15
Algeria,DZA,2010,8.4
Algeria,DZA,2011,8.69
Algeria,DZA,2012,8.95
Algeria,DZA,2013,9.24
Algeria,DZA,2014,9.51
Algeria,DZA,2015,9.8
Algeria,DZA,2016,10
Algeria,DZA,2017,10.21
Algeria,DZA,2018,10.58
Algeria,DZA,2019,10.85
Angola,AGO,2000,16.21
Angola,AGO,2001,16.2
Angola,AGO,2002,16.04
Angola,AGO,2003,16.22
Angola,AGO,2004,16.12
Angola,AGO,2005,15.5
Angola,AGO,2006,16.06
Angola,AGO,2007,14.85
Angola,AGO,2008,15.11
Angola,AGO,2009,14.01
Angola,AGO,2010,14.44
Angola,AGO,2011,14.06
Angola,AGO,2012,14.59
Angola,AGO,2013,14.58
Angola,AGO,2014,13.79
Angola,AGO,2015,13.98
Angola,AGO,2016,13.9
Angola,AGO,2017,13.56
Angola,AGO,2018,13.61
Angola,AGO,2019,13.88
Antigua and Barbuda,ATG,2000,46.89
Antigua and Barbuda,ATG,2001,50.37
Antigua and Barbuda,ATG,2002,59.91
Antigua and Barbuda,ATG,2003,59.73
Antigua and Barbuda,ATG,2004,59.62
Antigua and Barbuda,ATG,2005,57.39
Antigua and Barbuda,ATG,2006,48.77
Antigua and Barbuda,ATG,2007,50.34
Antigua and Barbuda,ATG,2008,49.57
Antigua and Barbuda,ATG,2009,50.98
Antigua and Barbuda,ATG,2010,50.14
Antigua and Barbuda,ATG,2011,49.77
Antigua and Barbuda,ATG,2012,48.41
Antigua and Barbuda,ATG,2013,45.5
Antigua and Barbuda,ATG,2014,45.71
Antigua and Barbuda,ATG,2015,48.6
Antigua and Barbuda,ATG,2016,54.36
Antigua and Barbuda,ATG,2017,61.46
Antigua and Barbuda,ATG,2018,56.09
Antigua and Barbuda,ATG,2019,56.8
Argentina,ARG,2000,18.54
Argentina,ARG,2001,18.42
Argentina,ARG,2002,17.44
Argentina,ARG,2003,18.36
Argentina,ARG,2004,18.26
Argentina,ARG,2005,17.44
Argentina,ARG,2006,15.83
Argentina,ARG,2007,16.5
Argentina,ARG,2008,14.23
Argentina,ARG,2009,14.05
Argentina,ARG,2010,14.49
Argentina,ARG,2011,14.34
Argentina,ARG,2012,13.83
Argentina,ARG,2013,13.8
Argentina,ARG,2014,13.78
Argentina,ARG,2015,15.17
Argentina,ARG,2016,15.72
Argentina,ARG,2017,14.45
Argentina,ARG,2018,14.79
Argentina,ARG,2019,15.26
Armenia,ARM,2000,39.62
Armenia,ARM,2001,42.68
Armenia,ARM,2002,47.95
Armenia,ARM,2003,53.96
Armenia,ARM,2004,43.82
Armenia,ARM,2005,44.81
Armenia,ARM,2006,36.76
Armenia,ARM,2007,41.18
Armenia,ARM,2008,42.8
Armenia,ARM,2009,43.65
Armenia,ARM,2010,45.3
Armenia,ARM,2011,43.91
Armenia,ARM,2012,41.31
Armenia,ARM,2013,41
Armenia,ARM,2014,36.98
Armenia,ARM,2015,39.2
Armenia,ARM,2016,35.29
Armenia,ARM,2017,24.17
Armenia,ARM,2018,17.36
Armenia,ARM,2019,24.13
Asia,,2000,12.144401
Asia,,2001,12.549081
Asia,,2002,12.992028
Asia,,2003,13.2686
Asia,,2004,13.408453
Asia,,2005,13.789482
Asia,,2006,14.170815
Asia,,2007,14.3742075
Asia,,2008,14.607447
Asia,,2009,14.578317
Asia,,2010,14.6754265
Asia,,2011,15.026495
Asia,,2012,15.571069
Asia,,2013,15.988462
Asia,,2014,16.428074
Asia,,2015,16.79261
Asia,,2016,17.329796
Asia,,2017,17.73184
Asia,,2018,18.24966
Asia,,2019,18.70028
Australia,AUS,2000,14.63
Australia,AUS,2001,14.75
Australia,AUS,2002,15.46
Australia,AUS,2003,15.87
Australia,AUS,2004,16.42
Australia,AUS,2005,16.23
Australia,AUS,2006,16.91
Australia,AUS,2007,16.69
Australia,AUS,2008,17.91
Australia,AUS,2009,17.44
Australia,AUS,2010,16.06
Australia,AUS,2011,17.16
Australia,AUS,2012,16.99
Australia,AUS,2013,16.98
Australia,AUS,2014,16.83
Australia,AUS,2015,17.81
Australia,AUS,2016,17.93
Australia,AUS,2017,18.03
Australia,AUS,2018,17.09
Australia,AUS,2019,17.74
Austria,AUT,2000,14.72
Austria,AUT,2001,15.3
Austria,AUT,2002,20.98
Austria,AUT,2003,31.5
Austria,AUT,2004,38.93
Austria,AUT,2005,37.84
Austria,AUT,2006,36.95
Austria,AUT,2007,31.1
Austria,AUT,2008,33.31
Austria,AUT,2009,32.32
Austria,AUT,2010,28.72
Austria,AUT,2011,27.32
Austria,AUT,2012,27.42
Austria,AUT,2013,26.15
Austria,AUT,2014,28.1
Austria,AUT,2015,30.9
Austria,AUT,2016,29.33
Austria,AUT,2017,28.01
Austria,AUT,2018,27.36
Austria,AUT,2019,23.38
Azerbaijan,AZE,2000,17.31
Azerbaijan,AZE,2001,17.79
Azerbaijan,AZE,2002,18.43
Azerbaijan,AZE,2003,18.94
Azerbaijan,AZE,2004,19.28
Azerbaijan,AZE,2005,19.5
Azerbaijan,AZE,2006,19.39
Azerbaijan,AZE,2007,19.1
Azerbaijan,AZE,2008,19.59
Azerbaijan,AZE,2009,19.88
Azerbaijan,AZE,2010,20.09
Azerbaijan,AZE,2011,20.37
Azerbaijan,AZE,2012,20.75
Azerbaijan,AZE,2013,21.02
Azerbaijan,AZE,2014,21.51
Azerbaijan,AZE,2015,21.94
Azerbaijan,AZE,2016,22.56
Azerbaijan,AZE,2017,23.23
Azerbaijan,AZE,2018,23.25
Azerbaijan,AZE,2019,23.83
Bahamas,BHS,2000,31.71
Bahamas,BHS,2001,32.68
Bahamas,BHS,2002,28.97
Bahamas,BHS,2003,30.98
Bahamas,BHS,2004,34.52
Bahamas,BHS,2005,33.27
Bahamas,BHS,2006,34.36
Bahamas,BHS,2007,32.63
Bahamas,BHS,2008,33.1
Bahamas,BHS,2009,34.02
Bahamas,BHS,2010,33.87
Bahamas,BHS,2011,34.05
Bahamas,BHS,2012,33.28
Bahamas,BHS,2013,32.55
Bahamas,BHS,2014,32.51
Bahamas,BHS,2015,34.36
Bahamas,BHS,2016,35.47
Bahamas,BHS,2017,35.8
Bahamas,BHS,2018,38.19
Bahamas,BHS,2019,39.43
Bahrain,BHR,2000,36.81
Bahrain,BHR,2001,37.19
Bahrain,BHR,2002,38.53
Bahrain,BHR,2003,37.92
Bahrain,BHR,2004,37.12
Bahrain,BHR,2005,36.07
Bahrain,BHR,2006,35.08
Bahrain,BHR,2007,36.66
Bahrain,BHR,2008,37.4
Bahrain,BHR,2009,38.36
Bahrain,BHR,2010,38.09
Bahrain,BHR,2011,38.49
Bahrain,BHR,2012,38.95
Bahrain,BHR,2013,40.38
Bahrain,BHR,2014,41.9
Bahrain,BHR,2015,41.12
Bahrain,BHR,2016,41.63
Bahrain,BHR,2017,42.79
Bahrain,BHR,2018,44.6
Bahrain,BHR,2019,45.41
Bangladesh,BGD,2000,12.43
Bangladesh,BGD,2001,12.95
Bangladesh,BGD,2002,13.81
Bangladesh,BGD,2003,14.46
Bangladesh,BGD,2004,14.75
Bangladesh,BGD,2005,15.37
Bangladesh,BGD,2006,16.09
Bangladesh,BGD,2007,16.08
Bangladesh,BGD,2008,15.82
Bangladesh,BGD,2009,15.55
Bangladesh,BGD,2010,15.3
Bangladesh,BGD,2011,14.03
Bangladesh,BGD,2012,13.1
Bangladesh,BGD,2013,13.22
Bangladesh,BGD,2014,13.92
Bangladesh,BGD,2015,13.89
Bangladesh,BGD,2016,14.68
Bangladesh,BGD,2017,16.16
Bangladesh,BGD,2018,17.08
Bangladesh,BGD,2019,17.78
Barbados,BRB,2000,77.86
Barbados,BRB,2001,78.31
Barbados,BRB,2002,81.16
Barbados,BRB,2003,88.94
Barbados,BRB,2004,92.04
Barbados,BRB,2005,90.45
Barbados,BRB,2006,95.21
Barbados,BRB,2007,100.53
Barbados,BRB,2008,97.8
Barbados,BRB,2009,83.03
Barbados,BRB,2010,75.44
Barbados,BRB,2011,75
Barbados,BRB,2012,80.58
Barbados,BRB,2013,82.27
Barbados,BRB,2014,81.33
Barbados,BRB,2015,82.07
Barbados,BRB,2016,83.79
Barbados,BRB,2017,85.04
Barbados,BRB,2018,87.03
Barbados,BRB,2019,90.58
Belarus,BLR,2000,7.11
Belarus,BLR,2001,7.08
Belarus,BLR,2002,7.16
Belarus,BLR,2003,6.46
Belarus,BLR,2004,6
Belarus,BLR,2005,5.71
Belarus,BLR,2006,5.22
Belarus,BLR,2007,4.71
Belarus,BLR,2008,4.47
Belarus,BLR,2009,4.36
Belarus,BLR,2010,4.24
Belarus,BLR,2011,4.18
Belarus,BLR,2012,3.87
Belarus,BLR,2013,3.73
Belarus,BLR,2014,3.62
Belarus,BLR,2015,3.68
Belarus,BLR,2016,3.8
Belarus,BLR,2017,3.86
Belarus,BLR,2018,3.97
Belarus,BLR,2019,3.94
Belgium,BEL,2000,13.22
Belgium,BEL,2001,13.1
Belgium,BEL,2002,13.92
Belgium,BEL,2003,14.09
Belgium,BEL,2004,13.86
Belgium,BEL,2005,14.01
Belgium,BEL,2006,13.29
Belgium,BEL,2007,12.85
Belgium,BEL,2008,13.88
Belgium,BEL,2009,13.8
Belgium,BEL,2010,12.85
Belgium,BEL,2011,12.37
Belgium,BEL,2012,13.1
Belgium,BEL,2013,12.06
Belgium,BEL,2014,11.36
Belgium,BEL,2015,10.95
Belgium,BEL,2016,10.51
Belgium,BEL,2017,11.14
Belgium,BEL,2018,11.09
Belgium,BEL,2019,11.04
Belize,BLZ,2000,32.7
Belize,BLZ,2001,29.36
Belize,BLZ,2002,28.6
Belize,BLZ,2003,28.63
Belize,BLZ,2004,29.96
Belize,BLZ,2005,28.13
Belize,BLZ,2006,29.67
Belize,BLZ,2007,29.29
Belize,BLZ,2008,27.89
Belize,BLZ,2009,30.69
Belize,BLZ,2010,32.73
Belize,BLZ,2011,32.04
Belize,BLZ,2012,31.28
Belize,BLZ,2013,31.06
Belize,BLZ,2014,31.85
Belize,BLZ,2015,31.85
Belize,BLZ,2016,31.95
Belize,BLZ,2017,33.34
Belize,BLZ,2018,34.11
Belize,BLZ,2019,36.02
Benin,BEN,2000,16.01
Benin,BEN,2001,16.26
Benin,BEN,2002,16.47
Benin,BEN,2003,16.59
Benin,BEN,2004,16.72
Benin,BEN,2005,16.68
Benin,BEN,2006,16.86
Benin,BEN,2007,16.9
Benin,BEN,2008,16.63
Benin,BEN,2009,16.74
Benin,BEN,2010,16.64
Benin,BEN,2011,16.75
Benin,BEN,2012,16.68
Benin,BEN,2013,16.59
Benin,BEN,2014,16.42
Benin,BEN,2015,16.24
Benin,BEN,2016,16.28
Benin,BEN,2017,16.26
Benin,BEN,2018,16.29
Benin,BEN,2019,16.2
Bhutan,BTN,2000,10.18
Bhutan,BTN,2001,10.57
Bhutan,BTN,2002,10.83
Bhutan,BTN,2003,11.22
Bhutan,BTN,2004,11.56
Bhutan,BTN,2005,11.92
Bhutan,BTN,2006,12.42
Bhutan,BTN,2007,12.92
Bhutan,BTN,2008,13.38
Bhutan,BTN,2009,13.89
Bhutan,BTN,2010,14.32
Bhutan,BTN,2011,15.05
Bhutan,BTN,2012,15.92
Bhutan,BTN,2013,16.8
Bhutan,BTN,2014,17.65
Bhutan,BTN,2015,18.45
Bhutan,BTN,2016,19.14
Bhutan,BTN,2017,20.1
Bhutan,BTN,2018,20.79
Bhutan,BTN,2019,21.48
Bolivia,BOL,2000,29.19
Bolivia,BOL,2001,29.2
Bolivia,BOL,2002,29.56
Bolivia,BOL,2003,29.77
Bolivia,BOL,2004,29.96
Bolivia,BOL,2005,30.32
Bolivia,BOL,2006,30.3
Bolivia,BOL,2007,31.2
Bolivia,BOL,2008,31.7
Bolivia,BOL,2009,32.32
Bolivia,BOL,2010,33.21
Bolivia,BOL,2011,34.32
Bolivia,BOL,2012,35.03
Bolivia,BOL,2013,36.27
Bolivia,BOL,2014,37.15
Bolivia,BOL,2015,38.27
Bolivia,BOL,2016,40.14
Bolivia,BOL,2017,40.62
Bolivia,BOL,2018,41.57
Bolivia,BOL,2019,42.84
Bosnia and Herzegovina,BIH,2000,23.77
Bosnia and Herzegovina,BIH,2001,28.2
Bosnia and Herzegovina,BIH,2002,33.47
Bosnia and Herzegovina,BIH,2003,38.23
Bosnia and Herzegovina,BIH,2004,42.86
Bosnia and Herzegovina,BIH,2005,48.11
Bosnia and Herzegovina,BIH,2006,51.41
Bosnia and Herzegovina,BIH,2007,57.31
Bosnia and Herzegovina,BIH,2008,57.15
Bosnia and Herzegovina,BIH,2009,60.14
Bosnia and Herzegovina,BIH,2010,62.6
Bosnia and Herzegovina,BIH,2011,64.11
Bosnia and Herzegovina,BIH,2012,64.51
Bosnia and Herzegovina,BIH,2013,65.75
Bosnia and Herzegovina,BIH,2014,66.94
Bosnia and Herzegovina,BIH,2015,67.49
Bosnia and Herzegovina,BIH,2016,67.73
Bosnia and Herzegovina,BIH,2017,68.86
Bosnia and Herzegovina,BIH,2018,71.12
Bosnia and Herzegovina,BIH,2019,72.87
Botswana,BWA,2000,47.97
Botswana,BWA,2001,49.51
Botswana,BWA,2002,50.28
Botswana,BWA,2003,50.95
Botswana,BWA,2004,51.44
Botswana,BWA,2005,51.53
Botswana,BWA,2006,49.92
Botswana,BWA,2007,48.49
Botswana,BWA,2008,48.95
Botswana,BWA,2009,47.06
Botswana,BWA,2010,47.07
Botswana,BWA,2011,48.71
Botswana,BWA,2012,50.39
Botswana,BWA,2013,51.87
Botswana,BWA,2014,52.98
Botswana,BWA,2015,53.67
Botswana,BWA,2016,53.91
Botswana,BWA,2017,54.81
Botswana,BWA,2018,55.97
Botswana,BWA,2019,55.24
Brazil,BRA,2000,20.22
Brazil,BRA,2001,19.8
Brazil,BRA,2002,20.24
Brazil,BRA,2003,20.36
Brazil,BRA,2004,20.82
Brazil,BRA,2005,20.66
Brazil,BRA,2006,22.28
Brazil,BRA,2007,23.2
Brazil,BRA,2008,24.1
Brazil,BRA,2009,24.68
Brazil,BRA,2010,25.67
Brazil,BRA,2011,26.67
Brazil,BRA,2012,25.89
Brazil,BRA,2013,26.03
Brazil,BRA,2014,25.66
Brazil,BRA,2015,26.21
Brazil,BRA,2016,26.7
Brazil,BRA,2017,27.23
Brazil,BRA,2018,28.35
Brazil,BRA,2019,28.25
Brunei,BRN,2000,26.54
Brunei,BRN,2001,27.16
Brunei,BRN,2002,27.5
Brunei,BRN,2003,25.86
Brunei,BRN,2004,28.38
Brunei,BRN,2005,30.6
Brunei,BRN,2006,35.35
Brunei,BRN,2007,33.51
Brunei,BRN,2008,32.56
Brunei,BRN,2009,28.04
Brunei,BRN,2010,27.73
Brunei,BRN,2011,34.1
Brunei,BRN,2012,33.8
Brunei,BRN,2013,34.22
Brunei,BRN,2014,35.03
Brunei,BRN,2015,35.61
Brunei,BRN,2016,37.42
Brunei,BRN,2017,38.7
Brunei,BRN,2018,40.64
Brunei,BRN,2019,41.35
Bulgaria,BGR,2000,24.37
Bulgaria,BGR,2001,23.11
Bulgaria,BGR,2002,23.17
Bulgaria,BGR,2003,23.2
Bulgaria,BGR,2004,22.92
Bulgaria,BGR,2005,22.1
Bulgaria,BGR,2006,25.34
Bulgaria,BGR,2007,24.45
Bulgaria,BGR,2008,24.88
Bulgaria,BGR,2009,22.87
Bulgaria,BGR,2010,20.46
Bulgaria,BGR,2011,18.7
Bulgaria,BGR,2012,19.41
Bulgaria,BGR,2013,16.07
Bulgaria,BGR,2014,17.3
Bulgaria,BGR,2015,20.74
Bulgaria,BGR,2016,18.88
Bulgaria,BGR,2017,18.51
Bulgaria,BGR,2018,20.24
Bulgaria,BGR,2019,19.2
Burkina Faso,BFA,2000,15.15
Burkina Faso,BFA,2001,14.8
Burkina Faso,BFA,2002,14.35
Burkina Faso,BFA,2003,14.13
Burkina Faso,BFA,2004,14.05
Burkina Faso,BFA,2005,13.78
Burkina Faso,BFA,2006,13.82
Burkina Faso,BFA,2007,13.66
Burkina Faso,BFA,2008,13.47
Burkina Faso,BFA,2009,13.35
Burkina Faso,BFA,2010,13.32
Burkina Faso,BFA,2011,13.3
Burkina Faso,BFA,2012,13.55
Burkina Faso,BFA,2013,13.63
Burkina Faso,BFA,2014,13.38
Burkina Faso,BFA,2015,13.22
Burkina Faso,BFA,2016,13.17
Burkina Faso,BFA,2017,12.98
Burkina Faso,BFA,2018,12.89
Burkina Faso,BFA,2019,12.85
Burundi,BDI,2000,18.54
Burundi,BDI,2001,17.62
Burundi,BDI,2002,17.02
Burundi,BDI,2003,16.36
Burundi,BDI,2004,15.83
Burundi,BDI,2005,15.28
Burundi,BDI,2006,15.01
Burundi,BDI,2007,14.43
Burundi,BDI,2008,13.98
Burundi,BDI,2009,13.71
Burundi,BDI,2010,13.5
Burundi,BDI,2011,13.33
Burundi,BDI,2012,13.12
Burundi,BDI,2013,12.91
Burundi,BDI,2014,12.57
Burundi,BDI,2015,12.25
Burundi,BDI,2016,12.19
Burundi,BDI,2017,12.15
Burundi,BDI,2018,12.05
Burundi,BDI,2019,12.03
Cambodia,KHM,2000,14.94
Cambodia,KHM,2001,15.1
Cambodia,KHM,2002,15.15
Cambodia,KHM,2003,15.11
Cambodia,KHM,2004,15.52
Cambodia,KHM,2005,15.9
Cambodia,KHM,2006,16.22
Cambodia,KHM,2007,16.44
Cambodia,KHM,2008,16.52
Cambodia,KHM,2009,16.64
Cambodia,KHM,2010,17.05
Cambodia,KHM,2011,17.45
Cambodia,KHM,2012,17.69
Cambodia,KHM,2013,18.03
Cambodia,KHM,2014,18.22
Cambodia,KHM,2015,18.61
Cambodia,KHM,2016,19.03
Cambodia,KHM,2017,19.41
Cambodia,KHM,2018,19.97
Cambodia,KHM,2019,20.37
Cameroon,CMR,2000,23.46
Cameroon,CMR,2001,23.91
Cameroon,CMR,2002,23.94
Cameroon,CMR,2003,24.32
Cameroon,CMR,2004,24.27
Cameroon,CMR,2005,25.07
Cameroon,CMR,2006,25.26
Cameroon,CMR,2007,24.78
Cameroon,CMR,2008,24.37
Cameroon,CMR,2009,24.12
Cameroon,CMR,2010,23.82
Cameroon,CMR,2011,23.82
Cameroon,CMR,2012,23.5
Cameroon,CMR,2013,23.4
Cameroon,CMR,2014,22.78
Cameroon,CMR,2015,21.9
Cameroon,CMR,2016,21.6
Cameroon,CMR,2017,21.12
Cameroon,CMR,2018,21.09
Cameroon,CMR,2019,21.11
Canada,CAN,2000,19.48
Canada,CAN,2001,20.47
Canada,CAN,2002,22.55
Canada,CAN,2003,22.65
Canada,CAN,2004,21.99
Canada,CAN,2005,21.81
Canada,CAN,2006,19.88
Canada,CAN,2007,19.86
Canada,CAN,2008,19.81
Canada,CAN,2009,17.87
Canada,CAN,2010,17.56
Canada,CAN,2011,17.78
Canada,CAN,2012,16.84
Canada,CAN,2013,16.58
Canada,CAN,2014,16.38
Canada,CAN,2015,16.54
Canada,CAN,2016,15.82
Canada,CAN,2017,15.87
Canada,CAN,2018,15.48
Canada,CAN,2019,15.29
Cape Verde,CPV,2000,11.78
Cape Verde,CPV,2001,12.17
Cape Verde,CPV,2002,12.55
Cape Verde,CPV,2003,12.91
Cape Verde,CPV,2004,13.27
Cape Verde,CPV,2005,13.7
Cape Verde,CPV,2006,13.34
Cape Verde,CPV,2007,13.51
Cape Verde,CPV,2008,13.93
Cape Verde,CPV,2009,14.35
Cape Verde,CPV,2010,14.72
Cape Verde,CPV,2011,15.3
Cape Verde,CPV,2012,15.91
Cape Verde,CPV,2013,15.9
Cape Verde,CPV,2014,16.2
Cape Verde,CPV,2015,16.72
Cape Verde,CPV,2016,18.01
Cape Verde,CPV,2017,18.22
Cape Verde,CPV,2018,20.38
Cape Verde,CPV,2019,20.34
Central African Republic,CAF,2000,32.45
Central African Republic,CAF,2001,31.76
Central African Republic,CAF,2002,31.75
Central African Republic,CAF,2003,31.03
Central African Republic,CAF,2004,30.29
Central African Republic,CAF,2005,29.41
Central African Republic,CAF,2006,29.93
Central African Republic,CAF,2007,29.48
Central African Republic,CAF,2008,28.95
Central African Republic,CAF,2009,29.29
Central African Republic,CAF,2010,28.69
Central African Republic,CAF,2011,28.38
Central African Republic,CAF,2012,27.76
Central African Republic,CAF,2013,27.45
Central African Republic,CAF,2014,27.02
Central African Republic,CAF,2015,26.21
Central African Republic,CAF,2016,25.51
Central African Republic,CAF,2017,25.35
Central African Republic,CAF,2018,24.57
Central African Republic,CAF,2019,24.05
Chad,TCD,2000,13.14
Chad,TCD,2001,13.14
Chad,TCD,2002,13.17
Chad,TCD,2003,13.21
Chad,TCD,2004,12.91
Chad,TCD,2005,12.81
Chad,TCD,2006,12.75
Chad,TCD,2007,13.08
Chad,TCD,2008,12.94
Chad,TCD,2009,12.96
Chad,TCD,2010,13
Chad,TCD,2011,13.03
Chad,TCD,2012,13.02
Chad,TCD,2013,12.88
Chad,TCD,2014,12.57
Chad,TCD,2015,12.27
Chad,TCD,2016,12.12
Chad,TCD,2017,12.2
Chad,TCD,2018,12.04
Chad,TCD,2019,11.82
Chile,CHL,2000,12.49
Chile,CHL,2001,14.38
Chile,CHL,2002,14.28
Chile,CHL,2003,15.47
Chile,CHL,2004,15.78
Chile,CHL,2005,15.32
Chile,CHL,2006,14.8
Chile,CHL,2007,15.56
Chile,CHL,2008,13.75
Chile,CHL,2009,14.06
Chile,CHL,2010,15.68
Chile,CHL,2011,14.58
Chile,CHL,2012,15.54
Chile,CHL,2013,15.38
Chile,CHL,2014,17.06
Chile,CHL,2015,19.05
Chile,CHL,2016,19.29
Chile,CHL,2017,18.69
Chile,CHL,2018,12.35
Chile,CHL,2019,16.72
China,CHN,2000,7.51
China,CHN,2001,7.85
China,CHN,2002,8.35
China,CHN,2003,8.74
China,CHN,2004,9.15
China,CHN,2005,9.33
China,CHN,2006,9
China,CHN,2007,8.87
China,CHN,2008,8.88
China,CHN,2009,8.94
China,CHN,2010,9.08
China,CHN,2011,9.27
China,CHN,2012,9.35
China,CHN,2013,9.48
China,CHN,2014,9.68
China,CHN,2015,9.88
China,CHN,2016,10.29
China,CHN,2017,10.59
China,CHN,2018,10.87
China,CHN,2019,11.23
Colombia,COL,2000,12.84
Colombia,COL,2001,13.21
Colombia,COL,2002,13.12
Colombia,COL,2003,13.81
Colombia,COL,2004,13.35
Colombia,COL,2005,12.91
Colombia,COL,2006,12.49
Colombia,COL,2007,12.04
Colombia,COL,2008,12.07
Colombia,COL,2009,10.26
Colombia,COL,2010,10.66
Colombia,COL,2011,10.29
Colombia,COL,2012,10.55
Colombia,COL,2013,10.12
Colombia,COL,2014,10.1
Colombia,COL,2015,10.56
Colombia,COL,2016,9.99
Colombia,COL,2017,10.29
Colombia,COL,2018,10.02
Colombia,COL,2019,10
Comoros,COM,2000,16.97
Comoros,COM,2001,16.77
Comoros,COM,2002,16.4
Comoros,COM,2003,15.95
Comoros,COM,2004,15.73
Comoros,COM,2005,15.44
Comoros,COM,2006,15.55
Comoros,COM,2007,15.47
Comoros,COM,2008,15.62
Comoros,COM,2009,15.39
Comoros,COM,2010,15.51
Comoros,COM,2011,15.5
Comoros,COM,2012,15.57
Comoros,COM,2013,15.5
Comoros,COM,2014,15.8
Comoros,COM,2015,15.72
Comoros,COM,2016,15.81
Comoros,COM,2017,15.83
Comoros,COM,2018,15.91
Comoros,COM,2019,16.02
Congo,COG,2000,28.14
Congo,COG,2001,26.22
Congo,COG,2002,24.65
Congo,COG,2003,23.83
Congo,COG,2004,23.73
Congo,COG,2005,22.95
Congo,COG,2006,22.86
Congo,COG,2007,22.39
Congo,COG,2008,21.93
Congo,COG,2009,22.16
Congo,COG,2010,21.69
Congo,COG,2011,21.54
Congo,COG,2012,22.1
Congo,COG,2013,21.58
Congo,COG,2014,20.98
Congo,COG,2015,19.83
Congo,COG,2016,19.93
Congo,COG,2017,19.65
Congo,COG,2018,19.5
Congo,COG,2019,19.51
Costa Rica,CRI,2000,7.9
Costa Rica,CRI,2001,8.57
Costa Rica,CRI,2002,7.36
Costa Rica,CRI,2003,11.92
Costa Rica,CRI,2004,11.39
Costa Rica,CRI,2005,8.98
Costa Rica,CRI,2006,7.92
Costa Rica,CRI,2007,7.2
Costa Rica,CRI,2008,8.25
Costa Rica,CRI,2009,8.23
Costa Rica,CRI,2010,8.69
Costa Rica,CRI,2011,7.56
Costa Rica,CRI,2012,7.32
Costa Rica,CRI,2013,8.02
Costa Rica,CRI,2014,8.05
Costa Rica,CRI,2015,11.33
Costa Rica,CRI,2016,13.45
Costa Rica,CRI,2017,15.14
Costa Rica,CRI,2018,16.66
Costa Rica,CRI,2019,18.89
Cote d'Ivoire,CIV,2000,20.68
Cote d'Ivoire,CIV,2001,20.41
Cote d'Ivoire,CIV,2002,20.28
Cote d'Ivoire,CIV,2003,20.23
Cote d'Ivoire,CIV,2004,19.9
Cote d'Ivoire,CIV,2005,19.4
Cote d'Ivoire,CIV,2006,19.87
Cote d'Ivoire,CIV,2007,19.78
Cote d'Ivoire,CIV,2008,18.91
Cote d'Ivoire,CIV,2009,19.15
Cote d'Ivoire,CIV,2010,19.46
Cote d'Ivoire,CIV,2011,18.95
Cote d'Ivoire,CIV,2012,18.83
Cote d'Ivoire,CIV,2013,18.38
Cote d'Ivoire,CIV,2014,17.65
Cote d'Ivoire,CIV,2015,17.04
Cote d'Ivoire,CIV,2016,16.67
Cote d'Ivoire,CIV,2017,16.34
Cote d'Ivoire,CIV,2018,16.14
Cote d'Ivoire,CIV,2019,16.13
Croatia,HRV,2000,17.4
Croatia,HRV,2001,15.33
Croatia,HRV,2002,17.28
Croatia,HRV,2003,20.66
Croatia,HRV,2004,18.81
Croatia,HRV,2005,20.83
Croatia,HRV,2006,21.42
Croatia,HRV,2007,25.53
Croatia,HRV,2008,25.1
Croatia,HRV,2009,26.42
Croatia,HRV,2010,27.68
Croatia,HRV,2011,23.33
Croatia,HRV,2012,26.06
Croatia,HRV,2013,24.38
Croatia,HRV,2014,26.14
Croatia,HRV,2015,32.65
Croatia,HRV,2016,37.35
Croatia,HRV,2017,46.52
Croatia,HRV,2018,44.33
Croatia,HRV,2019,47.52
Cuba,CUB,2000,10.95
Cuba,CUB,2001,10.79
Cuba,CUB,2002,9.66
Cuba,CUB,2003,11.25
Cuba,CUB,2004,12.38
Cuba,CUB,2005,13.24
Cuba,CUB,2006,13.67
Cuba,CUB,2007,13.9
Cuba,CUB,2008,14.2
Cuba,CUB,2009,16
Cuba,CUB,2010,17.59
Cuba,CUB,2011,14.83
Cuba,CUB,2012,14.34
Cuba,CUB,2013,14.71
Cuba,CUB,2014,14.16
Cuba,CUB,2015,14.63
Cuba,CUB,2016,14.55
Cuba,CUB,2017,15.24
Cuba,CUB,2018,15.49
Cuba,CUB,2019,15.85
Cyprus,CYP,2000,39.84
Cyprus,CYP,2001,40.24
Cyprus,CYP,2002,40.09
Cyprus,CYP,2003,39.94
Cyprus,CYP,2004,41.5
Cyprus,CYP,2005,37.95
Cyprus,CYP,2006,36.79
Cyprus,CYP,2007,34.87
Cyprus,CYP,2008,33.53
Cyprus,CYP,2009,31.02
Cyprus,CYP,2010,30.94
Cyprus,CYP,2011,34.75
Cyprus,CYP,2012,33.06
Cyprus,CYP,2013,34.88
Cyprus,CYP,2014,35.05
Cyprus,CYP,2015,30.9
Cyprus,CYP,2016,28.01
Cyprus,CYP,2017,27.48
Cyprus,CYP,2018,28.06
Cyprus,CYP,2019,27.67
Czechia,CZE,2000,11.11
Czechia,CZE,2001,9.64
Czechia,CZE,2002,10.32
Czechia,CZE,2003,11.88
Czechia,CZE,2004,11.21
Czechia,CZE,2005,11.67
Czechia,CZE,2006,12.44
Czechia,CZE,2007,20.7
Czechia,CZE,2008,17.03
Czechia,CZE,2009,16.93
Czechia,CZE,2010,16.79
Czechia,CZE,2011,20.59
Czechia,CZE,2012,19.58
Czechia,CZE,2013,33.15
Czechia,CZE,2014,30.91
Czechia,CZE,2015,32.81
Czechia,CZE,2016,33.46
Czechia,CZE,2017,33.16
Czechia,CZE,2018,37.59
Czechia,CZE,2019,37.31
Democratic Republic of Congo,COD,2000,17.11
Democratic Republic of Congo,COD,2001,17
Democratic Republic of Congo,COD,2002,16.62
Democratic Republic of Congo,COD,2003,16.87
Democratic Republic of Congo,COD,2004,16.59
Democratic Republic of Congo,COD,2005,16.34
Democratic Republic of Congo,COD,2006,16.24
Democratic Republic of Congo,COD,2007,15.82
Democratic Republic of Congo,COD,2008,15.87
Democratic Republic of Congo,COD,2009,16.16
Democratic Republic of Congo,COD,2010,15.99
Democratic Republic of Congo,COD,2011,15.81
Democratic Republic of Congo,COD,2012,15.58
Democratic Republic of Congo,COD,2013,15.27
Democratic Republic of Congo,COD,2014,15.05
Democratic Republic of Congo,COD,2015,14.64
Democratic Republic of Congo,COD,2016,14.42
Democratic Republic of Congo,COD,2017,14.56
Democratic Republic of Congo,COD,2018,14.95
Democratic Republic of Congo,COD,2019,14.86
Denmark,DNK,2000,24.84
Denmark,DNK,2001,24.02
Denmark,DNK,2002,25.63
Denmark,DNK,2003,23.75
Denmark,DNK,2004,22.36
Denmark,DNK,2005,22.66
Denmark,DNK,2006,22.14
Denmark,DNK,2007,22.66
Denmark,DNK,2008,22.19
Denmark,DNK,2009,22.94
Denmark,DNK,2010,21.05
Denmark,DNK,2011,22.91
Denmark,DNK,2012,21.74
Denmark,DNK,2013,21.86
Denmark,DNK,2014,21.15
Denmark,DNK,2015,21.76
Denmark,DNK,2016,22.18
Denmark,DNK,2017,21.43
Denmark,DNK,2018,22.11
Denmark,DNK,2019,22.24
Djibouti,DJI,2000,17.34
Djibouti,DJI,2001,17.47
Djibouti,DJI,2002,18.09
Djibouti,DJI,2003,18.7
Djibouti,DJI,2004,19.19
Djibouti,DJI,2005,19.51
Djibouti,DJI,2006,20.02
Djibouti,DJI,2007,20.46
Djibouti,DJI,2008,21.13
Djibouti,DJI,2009,22
Djibouti,DJI,2010,23.01
Djibouti,DJI,2011,23.74
Djibouti,DJI,2012,24.41
Djibouti,DJI,2013,25.25
Djibouti,DJI,2014,25.91
Djibouti,DJI,2015,26.17
Djibouti,DJI,2016,27.11
Djibouti,DJI,2017,28.04
Djibouti,DJI,2018,28.67
Djibouti,DJI,2019,29.2
Dominican Republic,DOM,2000,11.73
Dominican Republic,DOM,2001,11.64
Dominican Republic,DOM,2002,12.3
Dominican Republic,DOM,2003,13.47
Dominican Republic,DOM,2004,14.37
Dominican Republic,DOM,2005,15.27
Dominican Republic,DOM,2006,16.32
Dominican Republic,DOM,2007,17.07
Dominican Republic,DOM,2008,17.47
Dominican Republic,DOM,2009,18.01
Dominican Republic,DOM,2010,17.96
Dominican Republic,DOM,2011,18.78
Dominican Republic,DOM,2012,20.35
Dominican Republic,DOM,2013,22.2
Dominican Republic,DOM,2014,24.34
Dominican Republic,DOM,2015,26.04
Dominican Republic,DOM,2016,27
Dominican Republic,DOM,2017,26.66
Dominican Republic,DOM,2018,26.21
Dominican Republic,DOM,2019,25.81
East Timor,TLS,2000,9.73
East Timor,TLS,2001,9.8
East Timor,TLS,2002,9.44
East Timor,TLS,2003,9.92
East Timor,TLS,2004,10.14
East Timor,TLS,2005,10
East Timor,TLS,2006,9.53
East Timor,TLS,2007,9.17
East Timor,TLS,2008,9.19
East Timor,TLS,2009,11.17
East Timor,TLS,2010,11.03
East Timor,TLS,2011,11.2
East Timor,TLS,2012,10.83
East Timor,TLS,2013,10.95
East Timor,TLS,2014,11.13
East Timor,TLS,2015,10.91
East Timor,TLS,2016,11.37
East Timor,TLS,2017,11.35
East Timor,TLS,2018,11.74
East Timor,TLS,2019,12.06
Ecuador,ECU,2000,18.33
Ecuador,ECU,2001,18.74
Ecuador,ECU,2002,20.75
Ecuador,ECU,2003,21.16
Ecuador,ECU,2004,22.29
Ecuador,ECU,2005,23.73
Ecuador,ECU,2006,24
Ecuador,ECU,2007,23.99
Ecuador,ECU,2008,24.7
Ecuador,ECU,2009,24.34
Ecuador,ECU,2010,25.12
Ecuador,ECU,2011,25.39
Ecuador,ECU,2012,26.29
Ecuador,ECU,2013,25.95
Ecuador,ECU,2014,24.93
Ecuador,ECU,2015,25.05
Ecuador,ECU,2016,25.5
Ecuador,ECU,2017,25.47
Ecuador,ECU,2018,25.07
Ecuador,ECU,2019,24.83
Egypt,EGY,2000,12.71
Egypt,EGY,2001,13.68
Egypt,EGY,2002,14.16
Egypt,EGY,2003,14.82
Egypt,EGY,2004,14.9
Egypt,EGY,2005,14.9
Egypt,EGY,2006,15.31
Egypt,EGY,2007,15.42
Egypt,EGY,2008,15.94
Egypt,EGY,2009,16.54
Egypt,EGY,2010,17.11
Egypt,EGY,2011,17.17
Egypt,EGY,2012,18.33
Egypt,EGY,2013,17.39
Egypt,EGY,2014,18.11
Egypt,EGY,2015,19.74
Egypt,EGY,2016,19.25
Egypt,EGY,2017,18.48
Egypt,EGY,2018,18.94
Egypt,EGY,2019,19.13
El Salvador,SLV,2000,8.68
El Salvador,SLV,2001,9.37
El Salvador,SLV,2002,8.88
El Salvador,SLV,2003,8.68
El Salvador,SLV,2004,10.33
El Salvador,SLV,2005,12.52
El Salvador,SLV,2006,14.13
El Salvador,SLV,2007,14.36
El Salvador,SLV,2008,13.72
El Salvador,SLV,2009,15.02
El Salvador,SLV,2010,16.34
El Salvador,SLV,2011,16.39
El Salvador,SLV,2012,19.64
El Salvador,SLV,2013,22.85
El Salvador,SLV,2014,22.84
El Salvador,SLV,2015,16.74
El Salvador,SLV,2016,20.28
El Salvador,SLV,2017,21.1
El Salvador,SLV,2018,21.28
El Salvador,SLV,2019,21.47
Equatorial Guinea,GNQ,2000,25.55
Equatorial Guinea,GNQ,2001,24.68
Equatorial Guinea,GNQ,2002,23.63
Equatorial Guinea,GNQ,2003,23.77
Equatorial Guinea,GNQ,2004,23.57
Equatorial Guinea,GNQ,2005,23.48
Equatorial Guinea,GNQ,2006,24.06
Equatorial Guinea,GNQ,2007,23.97
Equatorial Guinea,GNQ,2008,24.13
Equatorial Guinea,GNQ,2009,24.16
Equatorial Guinea,GNQ,2010,24.74
Equatorial Guinea,GNQ,2011,25.51
Equatorial Guinea,GNQ,2012,24.79
Equatorial Guinea,GNQ,2013,23.28
Equatorial Guinea,GNQ,2014,23.58
Equatorial Guinea,GNQ,2015,24.53
Equatorial Guinea,GNQ,2016,24.21
Equatorial Guinea,GNQ,2017,22.23
Equatorial Guinea,GNQ,2018,22.92
Equatorial Guinea,GNQ,2019,22.06
Eritrea,ERI,2000,29.85
Eritrea,ERI,2001,29.31
Eritrea,ERI,2002,29.03
Eritrea,ERI,2003,27.9
Eritrea,ERI,2004,27.96
Eritrea,ERI,2005,27.75
Eritrea,ERI,2006,27.81
Eritrea,ERI,2007,27.46
Eritrea,ERI,2008,27.63
Eritrea,ERI,2009,27.17
Eritrea,ERI,2010,26.73
Eritrea,ERI,2011,26.8
Eritrea,ERI,2012,26.83
Eritrea,ERI,2013,26.84
Eritrea,ERI,2014,26.85
Eritrea,ERI,2015,26.89
Eritrea,ERI,2016,27.04
Eritrea,ERI,2017,26.98
Eritrea,ERI,2018,27.15
Eritrea,ERI,2019,27.01
Estonia,EST,2000,7.34
Estonia,EST,2001,9.6
Estonia,EST,2002,8.17
Estonia,EST,2003,9.97
Estonia,EST,2004,17.89
Estonia,EST,2005,14.09
Estonia,EST,2006,14.68
Estonia,EST,2007,15.29
Estonia,EST,2008,13.11
Estonia,EST,2009,11.9
Estonia,EST,2010,8.1
Estonia,EST,2011,8.53
Estonia,EST,2012,6.85
Estonia,EST,2013,7.18
Estonia,EST,2014,7.15
Estonia,EST,2015,6.45
Estonia,EST,2016,8.91
Estonia,EST,2017,9.4
Estonia,EST,2018,10.51
Estonia,EST,2019,11.02
Eswatini,SWZ,2000,57.23
Eswatini,SWZ,2001,65.14
Eswatini,SWZ,2002,74.26
Eswatini,SWZ,2003,81.73
Eswatini,SWZ,2004,86.85
Eswatini,SWZ,2005,90.92
Eswatini,SWZ,2006,93.51
Eswatini,SWZ,2007,97.67
Eswatini,SWZ,2008,99.21
Eswatini,SWZ,2009,99.06
Eswatini,SWZ,2010,96.32
Eswatini,SWZ,2011,92.2
Eswatini,SWZ,2012,91.78
Eswatini,SWZ,2013,89.43
Eswatini,SWZ,2014,84.98
Eswatini,SWZ,2015,81.09
Eswatini,SWZ,2016,80.05
Eswatini,SWZ,2017,78.11
Eswatini,SWZ,2018,76.45
Eswatini,SWZ,2019,77.69
Ethiopia,ETH,2000,20.41
Ethiopia,ETH,2001,19.47
Ethiopia,ETH,2002,18.9
Ethiopia,ETH,2003,18.32
Ethiopia,ETH,2004,17.78
Ethiopia,ETH,2005,17.25
Ethiopia,ETH,2006,16.88
Ethiopia,ETH,2007,16.59
Ethiopia,ETH,2008,16.34
Ethiopia,ETH,2009,15.91
Ethiopia,ETH,2010,15.5
Ethiopia,ETH,2011,15.21
Ethiopia,ETH,2012,14.73
Ethiopia,ETH,2013,14.41
Ethiopia,ETH,2014,14.17
Ethiopia,ETH,2015,14.21
Ethiopia,ETH,2016,14.17
Ethiopia,ETH,2017,14.29
Ethiopia,ETH,2018,14.4
Ethiopia,ETH,2019,14.52
Europe,,2000,14.807568
Europe,,2001,15.093335
Europe,,2002,15.538051
Europe,,2003,16.267426
Europe,,2004,15.616774
Europe,,2005,16.024717
Europe,,2006,15.467475
Europe,,2007,15.640798
Europe,,2008,15.670419
Europe,,2009,15.561882
Europe,,2010,15.373614
Europe,,2011,15.49711
Europe,,2012,15.92858
Europe,,2013,16.085636
Europe,,2014,16.007624
Europe,,2015,17.308807
Europe,,2016,17.286007
Europe,,2017,17.987003
Europe,,2018,17.801754
Europe,,2019,17.286718
Fiji,FJI,2000,125.2
Fiji,FJI,2001,125.94
Fiji,FJI,2002,128.61
Fiji,FJI,2003,139.51
Fiji,FJI,2004,141.78
Fiji,FJI,2005,150.73
Fiji,FJI,2006,153.32
Fiji,FJI,2007,161.17
Fiji,FJI,2008,166.72
Fiji,FJI,2009,164.49
Fiji,FJI,2010,166.44
Fiji,FJI,2011,171.05
Fiji,FJI,2012,172.86
Fiji,FJI,2013,172.61
Fiji,FJI,2014,172.03
Fiji,FJI,2015,170.43
Fiji,FJI,2016,173.7
Fiji,FJI,2017,176.49
Fiji,FJI,2018,179.78
Fiji,FJI,2019,182.94
Finland,FIN,2000,9.19
Finland,FIN,2001,8.3
Finland,FIN,2002,8.56
Finland,FIN,2003,8.21
Finland,FIN,2004,8.4
Finland,FIN,2005,7.79
Finland,FIN,2006,6.96
Finland,FIN,2007,7.54
Finland,FIN,2008,7.61
Finland,FIN,2009,5.98
Finland,FIN,2010,6.22
Finland,FIN,2011,6.25
Finland,FIN,2012,6.44
Finland,FIN,2013,6.4
Finland,FIN,2014,6.37
Finland,FIN,2015,6.14
Finland,FIN,2016,6.96
Finland,FIN,2017,7.2
Finland,FIN,2018,7.12
Finland,FIN,2019,7.55
France,FRA,2000,17.39
France,FRA,2001,17.88
France,FRA,2002,18.09
France,FRA,2003,19.05
France,FRA,2004,17.21
France,FRA,2005,17.59
France,FRA,2006,16.83
France,FRA,2007,16.71
France,FRA,2008,16.91
France,FRA,2009,16.8
France,FRA,2010,16.16
France,FRA,2011,16.3
France,FRA,2012,17.1
France,FRA,2013,16.76
France,FRA,2014,15.88
France,FRA,2015,17.07
France,FRA,2016,16.46
France,FRA,2017,16.76
France,FRA,2018,16.78
France,FRA,2019,16.76
Gabon,GAB,2000,46.58
Gabon,GAB,2001,45.75
Gabon,GAB,2002,43.13
Gabon,GAB,2003,42.59
Gabon,GAB,2004,39.61
Gabon,GAB,2005,39.79
Gabon,GAB,2006,40.68
Gabon,GAB,2007,39.19
Gabon,GAB,2008,40.41
Gabon,GAB,2009,37.64
Gabon,GAB,2010,36.33
Gabon,GAB,2011,36.01
Gabon,GAB,2012,32.01
Gabon,GAB,2013,30.65
Gabon,GAB,2014,33.43
Gabon,GAB,2015,32.6
Gabon,GAB,2016,31.9
Gabon,GAB,2017,30.87
Gabon,GAB,2018,30.64
Gabon,GAB,2019,29.58
Gambia,GMB,2000,12.47
Gambia,GMB,2001,12.75
Gambia,GMB,2002,12.99
Gambia,GMB,2003,13.08
Gambia,GMB,2004,13.17
Gambia,GMB,2005,13.06
Gambia,GMB,2006,13.2
Gambia,GMB,2007,13.2
Gambia,GMB,2008,13.28
Gambia,GMB,2009,13.16
Gambia,GMB,2010,13.04
Gambia,GMB,2011,13.44
Gambia,GMB,2012,13.45
Gambia,GMB,2013,13.36
Gambia,GMB,2014,13.14
Gambia,GMB,2015,12.89
Gambia,GMB,2016,12.64
Gambia,GMB,2017,12.48
Gambia,GMB,2018,12.38
Gambia,GMB,2019,12.34
Georgia,GEO,2000,23.17
Georgia,GEO,2001,21.98
Georgia,GEO,2002,25.97
Georgia,GEO,2003,25.43
Georgia,GEO,2004,26.94
Georgia,GEO,2005,22.58
Georgia,GEO,2006,23.38
Georgia,GEO,2007,23.6
Georgia,GEO,2008,26.07
Georgia,GEO,2009,30.51
Georgia,GEO,2010,33.38
Georgia,GEO,2011,38.28
Georgia,GEO,2012,42.51
Georgia,GEO,2013,43.65
Georgia,GEO,2014,44.51
Georgia,GEO,2015,44.75
Georgia,GEO,2016,45.22
Georgia,GEO,2017,41.73
Georgia,GEO,2018,40.49
Georgia,GEO,2019,40.56
Germany,DEU,2000,21.49
Germany,DEU,2001,21.86
Germany,DEU,2002,23.35
Germany,DEU,2003,23.47
Germany,DEU,2004,22.81
Germany,DEU,2005,22.78
Germany,DEU,2006,20.62
Germany,DEU,2007,20.01
Germany,DEU,2008,20.26
Germany,DEU,2009,20.45
Germany,DEU,2010,20.47
Germany,DEU,2011,20.57
Germany,DEU,2012,20.84
Germany,DEU,2013,21.55
Germany,DEU,2014,19.91
Germany,DEU,2015,21.14
Germany,DEU,2016,20.19
Germany,DEU,2017,21.95
Germany,DEU,2018,22.15
Germany,DEU,2019,18.63
Ghana,GHA,2000,14.12
Ghana,GHA,2001,15.11
Ghana,GHA,2002,16.02
Ghana,GHA,2003,16.78
Ghana,GHA,2004,17.58
Ghana,GHA,2005,18.61
Ghana,GHA,2006,19.77
Ghana,GHA,2007,21.15
Ghana,GHA,2008,21.11
Ghana,GHA,2009,21.05
Ghana,GHA,2010,21.12
Ghana,GHA,2011,21
Ghana,GHA,2012,20.96
Ghana,GHA,2013,20.76
Ghana,GHA,2014,20.37
Ghana,GHA,2015,20.05
Ghana,GHA,2016,19.96
Ghana,GHA,2017,19.74
Ghana,GHA,2018,19.46
Ghana,GHA,2019,19.5
Greece,GRC,2000,4.95
Greece,GRC,2001,4.11
Greece,GRC,2002,4.81
Greece,GRC,2003,5.15
Greece,GRC,2004,6.23
Greece,GRC,2005,6.63
Greece,GRC,2006,8.21
Greece,GRC,2007,9.09
Greece,GRC,2008,7.84
Greece,GRC,2009,6.91
Greece,GRC,2010,7.18
Greece,GRC,2011,7.82
Greece,GRC,2012,7.8
Greece,GRC,2013,9.11
Greece,GRC,2014,9.72
Greece,GRC,2015,10.17
Greece,GRC,2016,9.91
Greece,GRC,2017,11.9
Greece,GRC,2018,11.63
Greece,GRC,2019,12.05
Grenada,GRD,2000,66.56
Grenada,GRD,2001,64.58
Grenada,GRD,2002,71.17
Grenada,GRD,2003,69.36
Grenada,GRD,2004,72.61
Grenada,GRD,2005,63.84
Grenada,GRD,2006,67.75
Grenada,GRD,2007,69.32
Grenada,GRD,2008,75.77
Grenada,GRD,2009,84.87
Grenada,GRD,2010,98.46
Grenada,GRD,2011,100.18
Grenada,GRD,2012,87.85
Grenada,GRD,2013,81.68
Grenada,GRD,2014,80.81
Grenada,GRD,2015,78.62
Grenada,GRD,2016,78.99
Grenada,GRD,2017,81.45
Grenada,GRD,2018,83.7
Grenada,GRD,2019,80.14
Guatemala,GTM,2000,21.27
Guatemala,GTM,2001,22.77
Guatemala,GTM,2002,24.06
Guatemala,GTM,2003,25.7
Guatemala,GTM,2004,27.55
Guatemala,GTM,2005,30.59
Guatemala,GTM,2006,31.48
Guatemala,GTM,2007,30.95
Guatemala,GTM,2008,31.66
Guatemala,GTM,2009,34.21
Guatemala,GTM,2010,35.84
Guatemala,GTM,2011,36.33
Guatemala,GTM,2012,36.99
Guatemala,GTM,2013,37.86
Guatemala,GTM,2014,39
Guatemala,GTM,2015,39.98
Guatemala,GTM,2016,40.04
Guatemala,GTM,2017,39.07
Guatemala,GTM,2018,39.45
Guatemala,GTM,2019,39.39
Guinea,GIN,2000,15.19
Guinea,GIN,2001,15.26
Guinea,GIN,2002,15.71
Guinea,GIN,2003,15.74
Guinea,GIN,2004,15.76
Guinea,GIN,2005,15.46
Guinea,GIN,2006,16.24
Guinea,GIN,2007,16.68
Guinea,GIN,2008,16.68
Guinea,GIN,2009,16.73
Guinea,GIN,2010,16.99
Guinea,GIN,2011,17.35
Guinea,GIN,2012,17.39
Guinea,GIN,2013,17.63
Guinea,GIN,2014,17.39
Guinea,GIN,2015,17.49
Guinea,GIN,2016,17.45
Guinea,GIN,2017,17.1
Guinea,GIN,2018,16.92
Guinea,GIN,2019,16.7
Guinea-Bissau,GNB,2000,20.99
Guinea-Bissau,GNB,2001,20.77
Guinea-Bissau,GNB,2002,20.55
Guinea-Bissau,GNB,2003,20.04
Guinea-Bissau,GNB,2004,20.01
Guinea-Bissau,GNB,2005,19.35
Guinea-Bissau,GNB,2006,19.3
Guinea-Bissau,GNB,2007,19.3
Guinea-Bissau,GNB,2008,19.32
Guinea-Bissau,GNB,2009,19.38
Guinea-Bissau,GNB,2010,18.99
Guinea-Bissau,GNB,2011,18.78
Guinea-Bissau,GNB,2012,18.28
Guinea-Bissau,GNB,2013,18.47
Guinea-Bissau,GNB,2014,17.75
Guinea-Bissau,GNB,2015,16.62
Guinea-Bissau,GNB,2016,16.86
Guinea-Bissau,GNB,2017,16.88
Guinea-Bissau,GNB,2018,16.7
Guinea-Bissau,GNB,2019,16.32
Guyana,GUY,2000,48.46
Guyana,GUY,2001,53.64
Guyana,GUY,2002,54.17
Guyana,GUY,2003,56.01
Guyana,GUY,2004,56
Guyana,GUY,2005,59.59
Guyana,GUY,2006,59.72
Guyana,GUY,2007,59.66
Guyana,GUY,2008,56.32
Guyana,GUY,2009,55.96
Guyana,GUY,2010,56.95
Guyana,GUY,2011,59.14
Guyana,GUY,2012,60.83
Guyana,GUY,2013,60.41
Guyana,GUY,2014,61.34
Guyana,GUY,2015,63.33
Guyana,GUY,2016,65.29
Guyana,GUY,2017,67.93
Guyana,GUY,2018,70.92
Guyana,GUY,2019,73.92
Haiti,HTI,2000,42.79
Haiti,HTI,2001,42.57
Haiti,HTI,2002,42.33
Haiti,HTI,2003,42.44
Haiti,HTI,2004,42.26
Haiti,HTI,2005,42.8
Haiti,HTI,2006,42.87
Haiti,HTI,2007,43.16
Haiti,HTI,2008,42.99
Haiti,HTI,2009,43.03
Haiti,HTI,2010,41.84
Haiti,HTI,2011,43.45
Haiti,HTI,2012,43.23
Haiti,HTI,2013,43.39
Haiti,HTI,2014,43.78
Haiti,HTI,2015,43.77
Haiti,HTI,2016,43.8
Haiti,HTI,2017,43.56
Haiti,HTI,2018,44.28
Haiti,HTI,2019,44.47
Honduras,HND,2000,6.51
Honduras,HND,2001,6.58
Honduras,HND,2002,6.8
Honduras,HND,2003,7.02
Honduras,HND,2004,7.24
Honduras,HND,2005,7.43
Honduras,HND,2006,7.59
Honduras,HND,2007,7.67
Honduras,HND,2008,7.73
Honduras,HND,2009,7.79
Honduras,HND,2010,8.02
Honduras,HND,2011,8.45
Honduras,HND,2012,10.36
Honduras,HND,2013,10.67
Honduras,HND,2014,11.04
Honduras,HND,2015,11.56
Honduras,HND,2016,10.53
Honduras,HND,2017,10.91
Honduras,HND,2018,10.79
Honduras,HND,2019,11.03
Hungary,HUN,2000,20.87
Hungary,HUN,2001,15.94
Hungary,HUN,2002,20.65
Hungary,HUN,2003,23.14
Hungary,HUN,2004,20.88
Hungary,HUN,2005,31.56
Hungary,HUN,2006,27.27
Hungary,HUN,2007,26.28
Hungary,HUN,2008,24.44
Hungary,HUN,2009,22.2
Hungary,HUN,2010,20.91
Hungary,HUN,2011,22.63
Hungary,HUN,2012,23.37
Hungary,HUN,2013,21.12
Hungary,HUN,2014,21.06
Hungary,HUN,2015,22.55
Hungary,HUN,2016,23.01
Hungary,HUN,2017,25.87
Hungary,HUN,2018,26.13
Hungary,HUN,2019,25.97
Iceland,ISL,2000,7.83
Iceland,ISL,2001,6.8
Iceland,ISL,2002,6.95
Iceland,ISL,2003,6.72
Iceland,ISL,2004,6.67
Iceland,ISL,2005,7.08
Iceland,ISL,2006,7.41
Iceland,ISL,2007,7.76
Iceland,ISL,2008,7.52
Iceland,ISL,2009,7.12
Iceland,ISL,2010,6.42
Iceland,ISL,2011,6.02
Iceland,ISL,2012,6.74
Iceland,ISL,2013,7.41
Iceland,ISL,2014,7.28
Iceland,ISL,2015,7.08
Iceland,ISL,2016,7.76
Iceland,ISL,2017,9.02
Iceland,ISL,2018,8.97
Iceland,ISL,2019,8.75
India,IND,2000,13.21
India,IND,2001,13.8
India,IND,2002,14.3
India,IND,2003,14.26
India,IND,2004,13.74
India,IND,2005,14.26
India,IND,2006,15
India,IND,2007,15.64
India,IND,2008,16.01
India,IND,2009,15.36
India,IND,2010,15.21
India,IND,2011,15.88
India,IND,2012,16.81
India,IND,2013,17.5
India,IND,2014,17.78
India,IND,2015,18.17
India,IND,2016,18.59
India,IND,2017,18.78
India,IND,2018,19.53
India,IND,2019,19.82
Indonesia,IDN,2000,23.42
Indonesia,IDN,2001,24.04
Indonesia,IDN,2002,24.57
Indonesia,IDN,2003,25.06
Indonesia,IDN,2004,25.54
Indonesia,IDN,2005,25.86
Indonesia,IDN,2006,26.59
Indonesia,IDN,2007,27.5
Indonesia,IDN,2008,28.69
Indonesia,IDN,2009,29.62
Indonesia,IDN,2010,30.6
Indonesia,IDN,2011,31.96
Indonesia,IDN,2012,33.3
Indonesia,IDN,2013,34.57
Indonesia,IDN,2014,36.05
Indonesia,IDN,2015,37.26
Indonesia,IDN,2016,38.46
Indonesia,IDN,2017,39.18
Indonesia,IDN,2018,40
Indonesia,IDN,2019,40.78
Iran,IRN,2000,6.37
Iran,IRN,2001,6.57
Iran,IRN,2002,6.8
Iran,IRN,2003,7.09
Iran,IRN,2004,7.81
Iran,IRN,2005,8.34
Iran,IRN,2006,8.94
Iran,IRN,2007,9.54
Iran,IRN,2008,9.92
Iran,IRN,2009,10.37
Iran,IRN,2010,10.82
Iran,IRN,2011,11.25
Iran,IRN,2012,11.93
Iran,IRN,2013,13.19
Iran,IRN,2014,14.42
Iran,IRN,2015,15.63
Iran,IRN,2016,16.28
Iran,IRN,2017,16.36
Iran,IRN,2018,16.54
Iran,IRN,2019,16.78
Iraq,IRQ,2000,20.15
Iraq,IRQ,2001,19.78
Iraq,IRQ,2002,19.61
Iraq,IRQ,2003,19.64
Iraq,IRQ,2004,19.57
Iraq,IRQ,2005,19.49
Iraq,IRQ,2006,19.57
Iraq,IRQ,2007,19.64
Iraq,IRQ,2008,19.71
Iraq,IRQ,2009,19.19
Iraq,IRQ,2010,18.73
Iraq,IRQ,2011,18.48
Iraq,IRQ,2012,18.07
Iraq,IRQ,2013,17.78
Iraq,IRQ,2014,17.78
Iraq,IRQ,2015,17.78
Iraq,IRQ,2016,18.04
Iraq,IRQ,2017,18.02
Iraq,IRQ,2018,18.25
Iraq,IRQ,2019,18.82
Ireland,IRL,2000,8.56
Ireland,IRL,2001,8.16
Ireland,IRL,2002,8.48
Ireland,IRL,2003,8.32
Ireland,IRL,2004,8.85
Ireland,IRL,2005,8.72
Ireland,IRL,2006,9.87
Ireland,IRL,2007,9.35
Ireland,IRL,2008,8.55
Ireland,IRL,2009,8.19
Ireland,IRL,2010,8.4
Ireland,IRL,2011,7.74
Ireland,IRL,2012,8.66
Ireland,IRL,2013,9.15
Ireland,IRL,2014,7.96
Ireland,IRL,2015,7.92
Ireland,IRL,2016,8.32
Ireland,IRL,2017,8.42
Ireland,IRL,2018,8.47
Ireland,IRL,2019,8.47
Israel,ISR,2000,31.78
Israel,ISR,2001,32.71
Israel,ISR,2002,30.29
Israel,ISR,2003,34.51
Israel,ISR,2004,30.34
Israel,ISR,2005,28.2
Israel,ISR,2006,27.3
Israel,ISR,2007,27.59
Israel,ISR,2008,27.12
Israel,ISR,2009,25
Israel,ISR,2010,23.28
Israel,ISR,2011,21.69
Israel,ISR,2012,22.5
Israel,ISR,2013,22.31
Israel,ISR,2014,22.17
Israel,ISR,2015,23.11
Israel,ISR,2016,20.8
Israel,ISR,2017,21.13
Israel,ISR,2018,20.99
Israel,ISR,2019,22.46
Italy,ITA,2000,29.54
Italy,ITA,2001,29.53
Italy,ITA,2002,28.6
Italy,ITA,2003,32.06
Italy,ITA,2004,29.57
Italy,ITA,2005,31.38
Italy,ITA,2006,30.46
Italy,ITA,2007,31.2
Italy,ITA,2008,31.45
Italy,ITA,2009,32.07
Italy,ITA,2010,31.42
Italy,ITA,2011,32.67
Italy,ITA,2012,33.06
Italy,ITA,2013,31.75
Italy,ITA,2014,30.33
Italy,ITA,2015,33.28
Italy,ITA,2016,31.49
Italy,ITA,2017,33.17
Italy,ITA,2018,32.74
Italy,ITA,2019,32.73
Jamaica,JAM,2000,62.75
Jamaica,JAM,2001,62.19
Jamaica,JAM,2002,59.58
Jamaica,JAM,2003,58.62
Jamaica,JAM,2004,58.23
Jamaica,JAM,2005,55.41
Jamaica,JAM,2006,55.79
Jamaica,JAM,2007,60.15
Jamaica,JAM,2008,65.29
Jamaica,JAM,2009,70.1
Jamaica,JAM,2010,62.56
Jamaica,JAM,2011,67.44
Jamaica,JAM,2012,60.51
Jamaica,JAM,2013,59.49
Jamaica,JAM,2014,65.18
Jamaica,JAM,2015,67.05
Jamaica,JAM,2016,67.31
Jamaica,JAM,2017,67.34
Jamaica,JAM,2018,68.95
Jamaica,JAM,2019,70.45
Japan,JPN,2000,3.75
Japan,JPN,2001,3.65
Japan,JPN,2002,3.78
Japan,JPN,2003,3.83
Japan,JPN,2004,3.74
Japan,JPN,2005,4.02
Japan,JPN,2006,4.02
Japan,JPN,2007,4.14
Japan,JPN,2008,4.24
Japan,JPN,2009,4.11
Japan,JPN,2010,4.22
Japan,JPN,2011,4.32
Japan,JPN,2012,4.23
Japan,JPN,2013,4.02
Japan,JPN,2014,3.95
Japan,JPN,2015,3.85
Japan,JPN,2016,3.9
Japan,JPN,2017,4.09
Japan,JPN,2018,4.27
Japan,JPN,2019,4.28
Jordan,JOR,2000,22.29
Jordan,JOR,2001,22.86
Jordan,JOR,2002,23.05
Jordan,JOR,2003,22.26
Jordan,JOR,2004,22.81
Jordan,JOR,2005,23.42
Jordan,JOR,2006,23.1
Jordan,JOR,2007,20.38
Jordan,JOR,2008,18.15
Jordan,JOR,2009,17.18
Jordan,JOR,2010,16.85
Jordan,JOR,2011,16.19
Jordan,JOR,2012,15.77
Jordan,JOR,2013,15.25
Jordan,JOR,2014,15.06
Jordan,JOR,2015,14.83
Jordan,JOR,2016,15.04
Jordan,JOR,2017,15.57
Jordan,JOR,2018,16.22
Jordan,JOR,2019,16.67
Kazakhstan,KAZ,2000,10.41
Kazakhstan,KAZ,2001,9.87
Kazakhstan,KAZ,2002,9.53
Kazakhstan,KAZ,2003,9.34
Kazakhstan,KAZ,2004,8.38
Kazakhstan,KAZ,2005,8.1
Kazakhstan,KAZ,2006,7.82
Kazakhstan,KAZ,2007,7.76
Kazakhstan,KAZ,2008,7.43
Kazakhstan,KAZ,2009,7.15
Kazakhstan,KAZ,2010,7.66
Kazakhstan,KAZ,2011,8.02
Kazakhstan,KAZ,2012,8.58
Kazakhstan,KAZ,2013,8.87
Kazakhstan,KAZ,2014,9.55
Kazakhstan,KAZ,2015,10.5
Kazakhstan,KAZ,2016,11.93
Kazakhstan,KAZ,2017,14.77
Kazakhstan,KAZ,2018,12.81
Kazakhstan,KAZ,2019,12.07
Kenya,KEN,2000,10.52
Kenya,KEN,2001,10.14
Kenya,KEN,2002,9.87
Kenya,KEN,2003,9.53
Kenya,KEN,2004,8.98
Kenya,KEN,2005,9.32
Kenya,KEN,2006,9.34
Kenya,KEN,2007,9.63
Kenya,KEN,2008,9.64
Kenya,KEN,2009,9.29
Kenya,KEN,2010,9.15
Kenya,KEN,2011,9.31
Kenya,KEN,2012,9.47
Kenya,KEN,2013,9.63
Kenya,KEN,2014,9.49
Kenya,KEN,2015,9.34
Kenya,KEN,2016,9.46
Kenya,KEN,2017,9.86
Kenya,KEN,2018,10.46
Kenya,KEN,2019,10.74
Kiribati,KIR,2000,111.25
Kiribati,KIR,2001,114.27
Kiribati,KIR,2002,118.01
Kiribati,KIR,2003,121.53
Kiribati,KIR,2004,125.53
Kiribati,KIR,2005,129.42
Kiribati,KIR,2006,127.45
Kiribati,KIR,2007,126.24
Kiribati,KIR,2008,124.16
Kiribati,KIR,2009,121.42
Kiribati,KIR,2010,119.24
Kiribati,KIR,2011,118.42
Kiribati,KIR,2012,117.91
Kiribati,KIR,2013,118.5
Kiribati,KIR,2014,118.4
Kiribati,KIR,2015,118.63
Kiribati,KIR,2016,121.71
Kiribati,KIR,2017,124.22
Kiribati,KIR,2018,127.04
Kiribati,KIR,2019,130.46
Kuwait,KWT,2000,7.18
Kuwait,KWT,2001,6.28
Kuwait,KWT,2002,6.94
Kuwait,KWT,2003,6.49
Kuwait,KWT,2004,6.39
Kuwait,KWT,2005,5.93
Kuwait,KWT,2006,5.68
Kuwait,KWT,2007,5.3
Kuwait,KWT,2008,5.63
Kuwait,KWT,2009,5.06
Kuwait,KWT,2010,4.22
Kuwait,KWT,2011,3.78
Kuwait,KWT,2012,3.72
Kuwait,KWT,2013,3.67
Kuwait,KWT,2014,3.69
Kuwait,KWT,2015,3.98
Kuwait,KWT,2016,4.33
Kuwait,KWT,2017,4.75
Kuwait,KWT,2018,5.22
Kuwait,KWT,2019,5.75
Kyrgyzstan,KGZ,2000,5.88
Kyrgyzstan,KGZ,2001,5.03
Kyrgyzstan,KGZ,2002,5.11
Kyrgyzstan,KGZ,2003,4.92
Kyrgyzstan,KGZ,2004,4.67
Kyrgyzstan,KGZ,2005,4.82
Kyrgyzstan,KGZ,2006,4.95
Kyrgyzstan,KGZ,2007,4.87
Kyrgyzstan,KGZ,2008,4.75
Kyrgyzstan,KGZ,2009,4.52
Kyrgyzstan,KGZ,2010,4.39
Kyrgyzstan,KGZ,2011,4.47
Kyrgyzstan,KGZ,2012,4.44
Kyrgyzstan,KGZ,2013,4.43
Kyrgyzstan,KGZ,2014,4.68
Kyrgyzstan,KGZ,2015,4.54
Kyrgyzstan,KGZ,2016,4.36
Kyrgyzstan,KGZ,2017,4.37
Kyrgyzstan,KGZ,2018,4.2
Kyrgyzstan,KGZ,2019,4.05
Laos,LAO,2000,17.28
Laos,LAO,2001,17.62
Laos,LAO,2002,17.54
Laos,LAO,2003,17.52
Laos,LAO,2004,17.55
Laos,LAO,2005,17.77
Laos,LAO,2006,17.9
Laos,LAO,2007,17.86
Laos,LAO,2008,17.98
Laos,LAO,2009,17.81
Laos,LAO,2010,17.69
Laos,LAO,2011,17.82
Laos,LAO,2012,17.88
Laos,LAO,2013,18.07
Laos,LAO,2014,18.3
Laos,LAO,2015,18.63
Laos,LAO,2016,19.05
Laos,LAO,2017,19.45
Laos,LAO,2018,20
Laos,LAO,2019,20.45
Latvia,LVA,2000,9.51
Latvia,LVA,2001,11.81
Latvia,LVA,2002,10.5
Latvia,LVA,2003,11.57
Latvia,LVA,2004,10.2
Latvia,LVA,2005,9.87
Latvia,LVA,2006,12.17
Latvia,LVA,2007,16.06
Latvia,LVA,2008,17.99
Latvia,LVA,2009,23.21
Latvia,LVA,2010,24.37
Latvia,LVA,2011,21.89
Latvia,LVA,2012,21.09
Latvia,LVA,2013,20.35
Latvia,LVA,2014,22.77
Latvia,LVA,2015,21.32
Latvia,LVA,2016,25.45
Latvia,LVA,2017,26.9
Latvia,LVA,2018,27.45
Latvia,LVA,2019,27.77
Lebanon,LBN,2000,9.89
Lebanon,LBN,2001,9.71
Lebanon,LBN,2002,9.6
Lebanon,LBN,2003,9.58
Lebanon,LBN,2004,9.74
Lebanon,LBN,2005,9.93
Lebanon,LBN,2006,10.28
Lebanon,LBN,2007,10.83
Lebanon,LBN,2008,11.29
Lebanon,LBN,2009,11.77
Lebanon,LBN,2010,12.19
Lebanon,LBN,2011,12.33
Lebanon,LBN,2012,12.3
Lebanon,LBN,2013,12.33
Lebanon,LBN,2014,12.37
Lebanon,LBN,2015,12.48
Lebanon,LBN,2016,12.7
Lebanon,LBN,2017,13.01
Lebanon,LBN,2018,13.17
Lebanon,LBN,2019,13.62
Lesotho,LSO,2000,41.23
Lesotho,LSO,2001,42.79
Lesotho,LSO,2002,46.89
Lesotho,LSO,2003,52.17
Lesotho,LSO,2004,55.39
Lesotho,LSO,2005,58
Lesotho,LSO,2006,64.14
Lesotho,LSO,2007,67.86
Lesotho,LSO,2008,74.63
Lesotho,LSO,2009,77.27
Lesotho,LSO,2010,80.12
Lesotho,LSO,2011,83.74
Lesotho,LSO,2012,89.96
Lesotho,LSO,2013,95.63
Lesotho,LSO,2014,99.94
Lesotho,LSO,2015,101.58
Lesotho,LSO,2016,99.72
Lesotho,LSO,2017,95.13
Lesotho,LSO,2018,94.56
Lesotho,LSO,2019,94.09
Liberia,LBR,2000,13.24
Liberia,LBR,2001,12.88
Liberia,LBR,2002,13.24
Liberia,LBR,2003,12.88
Liberia,LBR,2004,13.41
Liberia,LBR,2005,12.81
Liberia,LBR,2006,13.23
Liberia,LBR,2007,13.82
Liberia,LBR,2008,13.91
Liberia,LBR,2009,13.91
Liberia,LBR,2010,14.06
Liberia,LBR,2011,14.67
Liberia,LBR,2012,14.42
Liberia,LBR,2013,13.85
Liberia,LBR,2014,13.92
Liberia,LBR,2015,12.59
Liberia,LBR,2016,12.73
Liberia,LBR,2017,12.87
Liberia,LBR,2018,12.96
Liberia,LBR,2019,13.17
Libya,LBY,2000,7.5
Libya,LBY,2001,7.74
Libya,LBY,2002,7.97
Libya,LBY,2003,7.94
Libya,LBY,2004,7.55
Libya,LBY,2005,7.7
Libya,LBY,2006,7.98
Libya,LBY,2007,9.18
Libya,LBY,2008,9.57
Libya,LBY,2009,10.07
Libya,LBY,2010,9.83
Libya,LBY,2011,9.85
Libya,LBY,2012,10.16
Libya,LBY,2013,10.16
Libya,LBY,2014,10.66
Libya,LBY,2015,10.81
Libya,LBY,2016,11.01
Libya,LBY,2017,11.5
Libya,LBY,2018,11.93
Libya,LBY,2019,11.85
Lithuania,LTU,2000,6.01
Lithuania,LTU,2001,6.69
Lithuania,LTU,2002,7.47
Lithuania,LTU,2003,6.63
Lithuania,LTU,2004,7.73
Lithuania,LTU,2005,8.61
Lithuania,LTU,2006,8.55
Lithuania,LTU,2007,7.91
Lithuania,LTU,2008,7.54
Lithuania,LTU,2009,8.21
Lithuania,LTU,2010,7.48
Lithuania,LTU,2011,7.67
Lithuania,LTU,2012,8.96
Lithuania,LTU,2013,8.61
Lithuania,LTU,2014,7.91
Lithuania,LTU,2015,9.16
Lithuania,LTU,2016,8.99
Lithuania,LTU,2017,12.62
Lithuania,LTU,2018,16.07
Lithuania,LTU,2019,19.03
Luxembourg,LUX,2000,8.9
Luxembourg,LUX,2001,9.85
Luxembourg,LUX,2002,9.57
Luxembourg,LUX,2003,9.08
Luxembourg,LUX,2004,8.49
Luxembourg,LUX,2005,8.76
Luxembourg,LUX,2006,8.73
Luxembourg,LUX,2007,8.8
Luxembourg,LUX,2008,7.79
Luxembourg,LUX,2009,8.61
Luxembourg,LUX,2010,8.42
Luxembourg,LUX,2011,9.03
Luxembourg,LUX,2012,9.19
Luxembourg,LUX,2013,11.17
Luxembourg,LUX,2014,11.38
Luxembourg,LUX,2015,10.33
Luxembourg,LUX,2016,9.51
Luxembourg,LUX,2017,9.16
Luxembourg,LUX,2018,9.82
Luxembourg,LUX,2019,9.92
Madagascar,MDG,2000,11.66
Madagascar,MDG,2001,11.57
Madagascar,MDG,2002,11.9
Madagascar,MDG,2003,12.22
Madagascar,MDG,2004,12.27
Madagascar,MDG,2005,12.03
Madagascar,MDG,2006,12.04
Madagascar,MDG,2007,11.91
Madagascar,MDG,2008,11.87
Madagascar,MDG,2009,11.83
Madagascar,MDG,2010,11.83
Madagascar,MDG,2011,12.01
Madagascar,MDG,2012,11.91
Madagascar,MDG,2013,11.91
Madagascar,MDG,2014,12.02
Madagascar,MDG,2015,11.87
Madagascar,MDG,2016,11.99
Madagascar,MDG,2017,11.99
Madagascar,MDG,2018,12.09
Madagascar,MDG,2019,12.14
Malawi,MWI,2000,23.02
Malawi,MWI,2001,21.87
Malawi,MWI,2002,20.61
Malawi,MWI,2003,19.7
Malawi,MWI,2004,18.63
Malawi,MWI,2005,17.48
Malawi,MWI,2006,17.66
Malawi,MWI,2007,17.88
Malawi,MWI,2008,17.44
Malawi,MWI,2009,17.31
Malawi,MWI,2010,16.91
Malawi,MWI,2011,15.8
Malawi,MWI,2012,15.02
Malawi,MWI,2013,14.35
Malawi,MWI,2014,13.91
Malawi,MWI,2015,13.67
Malawi,MWI,2016,13.46
Malawi,MWI,2017,12.89
Malawi,MWI,2018,12.46
Malawi,MWI,2019,12.19
Malaysia,MYS,2000,14.61
Malaysia,MYS,2001,14.52
Malaysia,MYS,2002,14.67
Malaysia,MYS,2003,14.87
Malaysia,MYS,2004,14.3
Malaysia,MYS,2005,13.65
Malaysia,MYS,2006,12.9
Malaysia,MYS,2007,12.05
Malaysia,MYS,2008,11.56
Malaysia,MYS,2009,10.95
Malaysia,MYS,2010,10.09
Malaysia,MYS,2011,9.61
Malaysia,MYS,2012,9.37
Malaysia,MYS,2013,8.97
Malaysia,MYS,2014,9.39
Malaysia,MYS,2015,9.88
Malaysia,MYS,2016,10.58
Malaysia,MYS,2017,11.24
Malaysia,MYS,2018,11.9
Malaysia,MYS,2019,12.87
Maldives,MDV,2000,10.96
Maldives,MDV,2001,10.77
Maldives,MDV,2002,10.56
Maldives,MDV,2003,10.76
Maldives,MDV,2004,10.59
Maldives,MDV,2005,10.19
Maldives,MDV,2006,10.2
Maldives,MDV,2007,10.14
Maldives,MDV,2008,10.07
Maldives,MDV,2009,9.95
Maldives,MDV,2010,9.81
Maldives,MDV,2011,9.49
Maldives,MDV,2012,9.47
Maldives,MDV,2013,9.44
Maldives,MDV,2014,9.56
Maldives,MDV,2015,9.76
Maldives,MDV,2016,9.6
Maldives,MDV,2017,9.43
Maldives,MDV,2018,9.07
Maldives,MDV,2019,8.82
Mali,MLI,2000,14.44
Mali,MLI,2001,14.24
Mali,MLI,2002,14.26
Mali,MLI,2003,14.02
Mali,MLI,2004,13.84
Mali,MLI,2005,13.74
Mali,MLI,2006,13.65
Mali,MLI,2007,13.64
Mali,MLI,2008,13.65
Mali,MLI,2009,13.43
Mali,MLI,2010,13.16
Mali,MLI,2011,13.07
Mali,MLI,2012,13.02
Mali,MLI,2013,12.99
Mali,MLI,2014,12.75
Mali,MLI,2015,12.43
Mali,MLI,2016,12.2
Mali,MLI,2017,11.9
Mali,MLI,2018,11.77
Mali,MLI,2019,11.62
Malta,MLT,2000,20.97
Malta,MLT,2001,20.73
Malta,MLT,2002,20.51
Malta,MLT,2003,21.11
Malta,MLT,2004,22.6
Malta,MLT,2005,25.53
Malta,MLT,2006,25.87
Malta,MLT,2007,28.32
Malta,MLT,2008,28.88
Malta,MLT,2009,27.78
Malta,MLT,2010,20.2
Malta,MLT,2011,12.82
Malta,MLT,2012,12.61
Malta,MLT,2013,19.99
Malta,MLT,2014,28.93
Malta,MLT,2015,33.2
Malta,MLT,2016,34.04
Malta,MLT,2017,35.44
Malta,MLT,2018,35.88
Malta,MLT,2019,36.92
Mauritania,MRT,2000,12.54
Mauritania,MRT,2001,12.44
Mauritania,MRT,2002,12.35
Mauritania,MRT,2003,12.35
Mauritania,MRT,2004,12.57
Mauritania,MRT,2005,12.08
Mauritania,MRT,2006,12.34
Mauritania,MRT,2007,12.57
Mauritania,MRT,2008,12.43
Mauritania,MRT,2009,12.4
Mauritania,MRT,2010,12.28
Mauritania,MRT,2011,12.05
Mauritania,MRT,2012,12.48
Mauritania,MRT,2013,12.22
Mauritania,MRT,2014,12.31
Mauritania,MRT,2015,12.17
Mauritania,MRT,2016,12.4
Mauritania,MRT,2017,12.49
Mauritania,MRT,2018,12.84
Mauritania,MRT,2019,13.13
Mauritius,MUS,2000,96.54
Mauritius,MUS,2001,101.39
Mauritius,MUS,2002,107.52
Mauritius,MUS,2003,114.76
Mauritius,MUS,2004,119.87
Mauritius,MUS,2005,112.85
Mauritius,MUS,2006,124.06
Mauritius,MUS,2007,126.33
Mauritius,MUS,2008,128.6
Mauritius,MUS,2009,129.89
Mauritius,MUS,2010,135.46
Mauritius,MUS,2011,148.77
Mauritius,MUS,2012,156.66
Mauritius,MUS,2013,148.72
Mauritius,MUS,2014,152.2
Mauritius,MUS,2015,149.27
Mauritius,MUS,2016,145.51
Mauritius,MUS,2017,149.67
Mauritius,MUS,2018,134.99
Mauritius,MUS,2019,147.54
Mexico,MEX,2000,38.01
Mexico,MEX,2001,39.76
Mexico,MEX,2002,42.68
Mexico,MEX,2003,45.28
Mexico,MEX,2004,46.32
Mexico,MEX,2005,49.18
Mexico,MEX,2006,48.54
Mexico,MEX,2007,47.95
Mexico,MEX,2008,50.96
Mexico,MEX,2009,50.98
Mexico,MEX,2010,53.57
Mexico,MEX,2011,51.31
Mexico,MEX,2012,53.59
Mexico,MEX,2013,54.34
Mexico,MEX,2014,58.49
Mexico,MEX,2015,60.48
Mexico,MEX,2016,64.28
Mexico,MEX,2017,63.9
Mexico,MEX,2018,65.8
Mexico,MEX,2019,67.27
Micronesia (country),FSM,2000,65.16
Micronesia (country),FSM,2001,68.63
Micronesia (country),FSM,2002,71.78
Micronesia (country),FSM,2003,75.48
Micronesia (country),FSM,2004,79.73
Micronesia (country),FSM,2005,83.93
Micronesia (country),FSM,2006,84.52
Micronesia (country),FSM,2007,84.33
Micronesia (country),FSM,2008,84.27
Micronesia (country),FSM,2009,84.1
Micronesia (country),FSM,2010,83.62
Micronesia (country),FSM,2011,85.65
Micronesia (country),FSM,2012,87.6
Micronesia (country),FSM,2013,89.54
Micronesia (country),FSM,2014,91.78
Micronesia (country),FSM,2015,95.47
Micronesia (country),FSM,2016,98.72
Micronesia (country),FSM,2017,101.52
Micronesia (country),FSM,2018,104.98
Micronesia (country),FSM,2019,107.84
Moldova,MDA,2000,9.66
Moldova,MDA,2001,8.88
Moldova,MDA,2002,8.61
Moldova,MDA,2003,9.54
Moldova,MDA,2004,8.07
Moldova,MDA,2005,9.5
Moldova,MDA,2006,9.85
Moldova,MDA,2007,9.06
Moldova,MDA,2008,8.29
Moldova,MDA,2009,7.94
Moldova,MDA,2010,8.73
Moldova,MDA,2011,7.41
Moldova,MDA,2012,8.4
Moldova,MDA,2013,8.61
Moldova,MDA,2014,8.96
Moldova,MDA,2015,9.74
Moldova,MDA,2016,9.72
Moldova,MDA,2017,9.57
Moldova,MDA,2018,9.98
Moldova,MDA,2019,10.06
Mongolia,MNG,2000,3.82
Mongolia,MNG,2001,3.95
Mongolia,MNG,2002,3.95
Mongolia,MNG,2003,4.04
Mongolia,MNG,2004,4.05
Mongolia,MNG,2005,4.09
Mongolia,MNG,2006,4.11
Mongolia,MNG,2007,4.07
Mongolia,MNG,2008,4.08
Mongolia,MNG,2009,4.18
Mongolia,MNG,2010,4.23
Mongolia,MNG,2011,4.23
Mongolia,MNG,2012,4.14
Mongolia,MNG,2013,4.1
Mongolia,MNG,2014,4.04
Mongolia,MNG,2015,4.1
Mongolia,MNG,2016,4.25
Mongolia,MNG,2017,4.28
Mongolia,MNG,2018,4.37
Mongolia,MNG,2019,4.49
Montenegro,MNE,2000,20.21
Montenegro,MNE,2001,20.74
Montenegro,MNE,2002,21.62
Montenegro,MNE,2003,22.42
Montenegro,MNE,2004,22.83
Montenegro,MNE,2005,23.36
Montenegro,MNE,2006,23.72
Montenegro,MNE,2007,23.85
Montenegro,MNE,2008,24.08
Montenegro,MNE,2009,24.3
Montenegro,MNE,2010,24.54
Montenegro,MNE,2011,25.21
Montenegro,MNE,2012,25.67
Montenegro,MNE,2013,26.16
Montenegro,MNE,2014,26.81
Montenegro,MNE,2015,27.45
Montenegro,MNE,2016,27.85
Montenegro,MNE,2017,28.2
Montenegro,MNE,2018,28.04
Montenegro,MNE,2019,27.71
Morocco,MAR,2000,9.35
Morocco,MAR,2001,9.88
Morocco,MAR,2002,10.35
Morocco,MAR,2003,11.07
Morocco,MAR,2004,11.7
Morocco,MAR,2005,12.33
Morocco,MAR,2006,13
Morocco,MAR,2007,13.66
Morocco,MAR,2008,14.21
Morocco,MAR,2009,14.69
Morocco,MAR,2010,15.18
Morocco,MAR,2011,15.64
Morocco,MAR,2012,16.11
Morocco,MAR,2013,17.06
Morocco,MAR,2014,17.45
Morocco,MAR,2015,17.89
Morocco,MAR,2016,18.43
Morocco,MAR,2017,18.95
Morocco,MAR,2018,19.65
Morocco,MAR,2019,20.21
Mozambique,MOZ,2000,23.15
Mozambique,MOZ,2001,22.86
Mozambique,MOZ,2002,22.64
Mozambique,MOZ,2003,22.52
Mozambique,MOZ,2004,22.46
Mozambique,MOZ,2005,22.38
Mozambique,MOZ,2006,22.54
Mozambique,MOZ,2007,22.5
Mozambique,MOZ,2008,23.12
Mozambique,MOZ,2009,23.93
Mozambique,MOZ,2010,24.26
Mozambique,MOZ,2011,24.71
Mozambique,MOZ,2012,25.15
Mozambique,MOZ,2013,24.78
Mozambique,MOZ,2014,23.77
Mozambique,MOZ,2015,23.16
Mozambique,MOZ,2016,22.87
Mozambique,MOZ,2017,22.69
Mozambique,MOZ,2018,22.72
Mozambique,MOZ,2019,22.62
Myanmar,MMR,2000,27.93
Myanmar,MMR,2001,28.37
Myanmar,MMR,2002,29.03
Myanmar,MMR,2003,29.97
Myanmar,MMR,2004,30.91
Myanmar,MMR,2005,31.09
Myanmar,MMR,2006,32.07
Myanmar,MMR,2007,32.19
Myanmar,MMR,2008,31.78
Myanmar,MMR,2009,31.89
Myanmar,MMR,2010,31.91
Myanmar,MMR,2011,32.47
Myanmar,MMR,2012,32.8
Myanmar,MMR,2013,32.96
Myanmar,MMR,2014,33.62
Myanmar,MMR,2015,34.14
Myanmar,MMR,2016,35.27
Myanmar,MMR,2017,35.3
Myanmar,MMR,2018,36.25
Myanmar,MMR,2019,36.93
Namibia,NAM,2000,32.37
Namibia,NAM,2001,33.07
Namibia,NAM,2002,34.28
Namibia,NAM,2003,34.78
Namibia,NAM,2004,34.39
Namibia,NAM,2005,36.29
Namibia,NAM,2006,36.47
Namibia,NAM,2007,35.77
Namibia,NAM,2008,33.68
Namibia,NAM,2009,33.34
Namibia,NAM,2010,33.25
Namibia,NAM,2011,31.53
Namibia,NAM,2012,30.32
Namibia,NAM,2013,30
Namibia,NAM,2014,30.7
Namibia,NAM,2015,31.29
Namibia,NAM,2016,30.42
Namibia,NAM,2017,30.34
Namibia,NAM,2018,29.08
Namibia,NAM,2019,29.04
Nepal,NPL,2000,3.75
Nepal,NPL,2001,3.82
Nepal,NPL,2002,4.03
Nepal,NPL,2003,4.21
Nepal,NPL,2004,4.36
Nepal,NPL,2005,4.73
Nepal,NPL,2006,5.1
Nepal,NPL,2007,5.45
Nepal,NPL,2008,5.86
Nepal,NPL,2009,6.31
Nepal,NPL,2010,6.7
Nepal,NPL,2011,7.33
Nepal,NPL,2012,7.89
Nepal,NPL,2013,8.38
Nepal,NPL,2014,8.85
Nepal,NPL,2015,9.14
Nepal,NPL,2016,9.45
Nepal,NPL,2017,9.75
Nepal,NPL,2018,10.04
Nepal,NPL,2019,10.24
Netherlands,NLD,2000,20.61
Netherlands,NLD,2001,26.54
Netherlands,NLD,2002,25.09
Netherlands,NLD,2003,23.04
Netherlands,NLD,2004,22.49
Netherlands,NLD,2005,21.91
Netherlands,NLD,2006,20.44
Netherlands,NLD,2007,18.77
Netherlands,NLD,2008,18.13
Netherlands,NLD,2009,17.07
Netherlands,NLD,2010,16.41
Netherlands,NLD,2011,14.96
Netherlands,NLD,2012,15.12
Netherlands,NLD,2013,15.48
Netherlands,NLD,2014,14.54
Netherlands,NLD,2015,14.78
Netherlands,NLD,2016,15.22
Netherlands,NLD,2017,14.66
Netherlands,NLD,2018,13.45
Netherlands,NLD,2019,13.95
New Zealand,NZL,2000,18.91
New Zealand,NZL,2001,18.08
New Zealand,NZL,2002,18.26
New Zealand,NZL,2003,18.82
New Zealand,NZL,2004,18.41
New Zealand,NZL,2005,17.9
New Zealand,NZL,2006,18.04
New Zealand,NZL,2007,17.43
New Zealand,NZL,2008,17.33
New Zealand,NZL,2009,17.23
New Zealand,NZL,2010,15.06
New Zealand,NZL,2011,15.95
New Zealand,NZL,2012,15.2
New Zealand,NZL,2013,15.03
New Zealand,NZL,2014,14.6
New Zealand,NZL,2015,15.32
New Zealand,NZL,2016,15.35
New Zealand,NZL,2017,16.17
New Zealand,NZL,2018,15.85
New Zealand,NZL,2019,16.07
Nicaragua,NIC,2000,15.57
Nicaragua,NIC,2001,15.33
Nicaragua,NIC,2002,16.97
Nicaragua,NIC,2003,17.17
Nicaragua,NIC,2004,18.25
Nicaragua,NIC,2005,19.62
Nicaragua,NIC,2006,19.73
Nicaragua,NIC,2007,20.59
Nicaragua,NIC,2008,24.11
Nicaragua,NIC,2009,24.07
Nicaragua,NIC,2010,25.92
Nicaragua,NIC,2011,27
Nicaragua,NIC,2012,25.89
Nicaragua,NIC,2013,24.67
Nicaragua,NIC,2014,26.03
Nicaragua,NIC,2015,25.98
Nicaragua,NIC,2016,28.18
Nicaragua,NIC,2017,30.37
Nicaragua,NIC,2018,31.81
Nicaragua,NIC,2019,31.59
Niger,NER,2000,10.5
Niger,NER,2001,10.75
Niger,NER,2002,10.84
Niger,NER,2003,11.28
Niger,NER,2004,11.11
Niger,NER,2005,11.36
Niger,NER,2006,11.4
Niger,NER,2007,11.52
Niger,NER,2008,11.42
Niger,NER,2009,11.56
Niger,NER,2010,11.59
Niger,NER,2011,11.71
Niger,NER,2012,11.83
Niger,NER,2013,11.87
Niger,NER,2014,11.87
Niger,NER,2015,11.63
Niger,NER,2016,11.54
Niger,NER,2017,11.47
Niger,NER,2018,11.41
Niger,NER,2019,11.29
Nigeria,NGA,2000,13.09
Nigeria,NGA,2001,13.35
Nigeria,NGA,2002,13.38
Nigeria,NGA,2003,13.49
Nigeria,NGA,2004,13.62
Nigeria,NGA,2005,13.34
Nigeria,NGA,2006,13.38
Nigeria,NGA,2007,13.5
Nigeria,NGA,2008,13.31
Nigeria,NGA,2009,12.93
Nigeria,NGA,2010,12.43
Nigeria,NGA,2011,12.48
Nigeria,NGA,2012,12.36
Nigeria,NGA,2013,12.12
Nigeria,NGA,2014,11.85
Nigeria,NGA,2015,11.49
Nigeria,NGA,2016,11.5
Nigeria,NGA,2017,11.37
Nigeria,NGA,2018,11.32
Nigeria,NGA,2019,11.19
North America,,2000,24.084711
North America,,2001,24.65951
North America,,2002,25.575607
North America,,2003,26.203014
North America,,2004,26.134192
North America,,2005,26.891642
North America,,2006,26.121607
North America,,2007,25.56902
North America,,2008,26.023106
North America,,2009,25.499388
North America,,2010,25.970917
North America,,2011,25.975111
North America,,2012,26.233887
North America,,2013,26.516916
North America,,2014,27.41747
North America,,2015,28.215567
North America,,2016,29.059416
North America,,2017,29.536173
North America,,2018,30.124254
North America,,2019,30.838188
North Korea,PRK,2000,9.8
North Korea,PRK,2001,9.94
North Korea,PRK,2002,10.42
North Korea,PRK,2003,10.32
North Korea,PRK,2004,10.38
North Korea,PRK,2005,10.52
North Korea,PRK,2006,10.83
North Korea,PRK,2007,11.55
North Korea,PRK,2008,12.42
North Korea,PRK,2009,12.76
North Korea,PRK,2010,13.23
North Korea,PRK,2011,13.64
North Korea,PRK,2012,13.81
North Korea,PRK,2013,14.12
North Korea,PRK,2014,14.34
North Korea,PRK,2015,14.74
North Korea,PRK,2016,14.83
North Korea,PRK,2017,14.43
North Korea,PRK,2018,14.06
North Korea,PRK,2019,14.28
North Macedonia,MKD,2000,31.94
North Macedonia,MKD,2001,32.84
North Macedonia,MKD,2002,33.18
North Macedonia,MKD,2003,35.54
North Macedonia,MKD,2004,40.11
North Macedonia,MKD,2005,41.55
North Macedonia,MKD,2006,43.09
North Macedonia,MKD,2007,42.44
North Macedonia,MKD,2008,46.84
North Macedonia,MKD,2009,41.35
North Macedonia,MKD,2010,42.91
North Macedonia,MKD,2011,44.67
North Macedonia,MKD,2012,49.17
North Macedonia,MKD,2013,48.6
North Macedonia,MKD,2014,49.26
North Macedonia,MKD,2015,49.62
North Macedonia,MKD,2016,50.51
North Macedonia,MKD,2017,51.29
North Macedonia,MKD,2018,52.22
North Macedonia,MKD,2019,52.96
Norway,NOR,2000,13.88
Norway,NOR,2001,15.19
Norway,NOR,2002,14.46
Norway,NOR,2003,14.7
Norway,NOR,2004,12.81
Norway,NOR,2005,16.09
Norway,NOR,2006,16.53
Norway,NOR,2007,16.39
Norway,NOR,2008,14.02
Norway,NOR,2009,13.46
Norway,NOR,2010,13.21
Norway,NOR,2011,13.12
Norway,NOR,2012,13.38
Norway,NOR,2013,12.04
Norway,NOR,2014,10.89
Norway,NOR,2015,10.35
Norway,NOR,2016,10.82
Norway,NOR,2017,10.78
Norway,NOR,2018,10.67
Norway,NOR,2019,10.4
Oceania,,2000,22.780579
Oceania,,2001,23.241371
Oceania,,2002,23.852076
Oceania,,2003,24.884783
Oceania,,2004,25.608353
Oceania,,2005,25.921616
Oceania,,2006,26.493977
Oceania,,2007,26.809715
Oceania,,2008,27.609446
Oceania,,2009,27.087654
Oceania,,2010,26.252016
Oceania,,2011,27.2047
Oceania,,2012,27.530527
Oceania,,2013,27.565256
Oceania,,2014,27.628796
Oceania,,2015,28.361197
Oceania,,2016,28.704815
Oceania,,2017,28.817333
Oceania,,2018,28.41283
Oceania,,2019,29.09128
Oman,OMN,2000,19.96
Oman,OMN,2001,20.22
Oman,OMN,2002,20.65
Oman,OMN,2003,21.12
Oman,OMN,2004,21.14
Oman,OMN,2005,22
Oman,OMN,2006,23.19
Oman,OMN,2007,23.18
Oman,OMN,2008,23.87
Oman,OMN,2009,24.37
Oman,OMN,2010,24.76
Oman,OMN,2011,23.26
Oman,OMN,2012,21.72
Oman,OMN,2013,21.45
Oman,OMN,2014,21.39
Oman,OMN,2015,21.75
Oman,OMN,2016,22.07
Oman,OMN,2017,21.96
Oman,OMN,2018,20.81
Oman,OMN,2019,20.68
Pakistan,PAK,2000,18.82
Pakistan,PAK,2001,19.75
Pakistan,PAK,2002,20.57
Pakistan,PAK,2003,21.59
Pakistan,PAK,2004,22.38
Pakistan,PAK,2005,23.32
Pakistan,PAK,2006,24
Pakistan,PAK,2007,24.44
Pakistan,PAK,2008,24.98
Pakistan,PAK,2009,25.43
Pakistan,PAK,2010,26.13
Pakistan,PAK,2011,26.47
Pakistan,PAK,2012,26.97
Pakistan,PAK,2013,27.5
Pakistan,PAK,2014,27.97
Pakistan,PAK,2015,28.35
Pakistan,PAK,2016,28.9
Pakistan,PAK,2017,29.08
Pakistan,PAK,2018,29.33
Pakistan,PAK,2019,29.43
Panama,PAN,2000,17.28
Panama,PAN,2001,18.57
Panama,PAN,2002,20.79
Panama,PAN,2003,20.39
Panama,PAN,2004,19.16
Panama,PAN,2005,17.71
Panama,PAN,2006,19.49
Panama,PAN,2007,18.07
Panama,PAN,2008,19.23
Panama,PAN,2009,16.15
Panama,PAN,2010,18.59
Panama,PAN,2011,19.47
Panama,PAN,2012,21.92
Panama,PAN,2013,22.36
Panama,PAN,2014,24.13
Panama,PAN,2015,25.61
Panama,PAN,2016,23.09
Panama,PAN,2017,23.85
Panama,PAN,2018,24.81
Panama,PAN,2019,25.2
Papua New Guinea,PNG,2000,32.82
Papua New Guinea,PNG,2001,35.34
Papua New Guinea,PNG,2002,35.83
Papua New Guinea,PNG,2003,38.14
Papua New Guinea,PNG,2004,40.12
Papua New Guinea,PNG,2005,41.2
Papua New Guinea,PNG,2006,41.73
Papua New Guinea,PNG,2007,43.15
Papua New Guinea,PNG,2008,42.83
Papua New Guinea,PNG,2009,41.98
Papua New Guinea,PNG,2010,43.18
Papua New Guinea,PNG,2011,43.64
Papua New Guinea,PNG,2012,46.03
Papua New Guinea,PNG,2013,46.54
Papua New Guinea,PNG,2014,47.92
Papua New Guinea,PNG,2015,48.62
Papua New Guinea,PNG,2016,49.58
Papua New Guinea,PNG,2017,49.48
Papua New Guinea,PNG,2018,50.39
Papua New Guinea,PNG,2019,51.65
Paraguay,PRY,2000,18.36
Paraguay,PRY,2001,20.11
Paraguay,PRY,2002,22.95
Paraguay,PRY,2003,25.19
Paraguay,PRY,2004,25.69
Paraguay,PRY,2005,27.14
Paraguay,PRY,2006,25.8
Paraguay,PRY,2007,27.07
Paraguay,PRY,2008,26.8
Paraguay,PRY,2009,24.91
Paraguay,PRY,2010,26.87
Paraguay,PRY,2011,25.97
Paraguay,PRY,2012,27.73
Paraguay,PRY,2013,30.92
Paraguay,PRY,2014,31.82
Paraguay,PRY,2015,31.4
Paraguay,PRY,2016,32.32
Paraguay,PRY,2017,29.96
Paraguay,PRY,2018,32.89
Paraguay,PRY,2019,33.52
Peru,PER,2000,7.38
Peru,PER,2001,7.26
Peru,PER,2002,7.47
Peru,PER,2003,7.86
Peru,PER,2004,7.75
Peru,PER,2005,7.83
Peru,PER,2006,7.95
Peru,PER,2007,8.05
Peru,PER,2008,8.59
Peru,PER,2009,10.5
Peru,PER,2010,11.51
Peru,PER,2011,11.92
Peru,PER,2012,12.37
Peru,PER,2013,12.8
Peru,PER,2014,12.86
Peru,PER,2015,12.88
Peru,PER,2016,13.09
Peru,PER,2017,13.39
Peru,PER,2018,13.5
Peru,PER,2019,13.65
Philippines,PHL,2000,10.31
Philippines,PHL,2001,11.58
Philippines,PHL,2002,12.44
Philippines,PHL,2003,12.59
Philippines,PHL,2004,13.53
Philippines,PHL,2005,13.7
Philippines,PHL,2006,16.27
Philippines,PHL,2007,16.2
Philippines,PHL,2008,17.07
Philippines,PHL,2009,16.19
Philippines,PHL,2010,15.18
Philippines,PHL,2011,15.13
Philippines,PHL,2012,18.23
Philippines,PHL,2013,18.97
Philippines,PHL,2014,20.47
Philippines,PHL,2015,21.92
Philippines,PHL,2016,23.58
Philippines,PHL,2017,25.65
Philippines,PHL,2018,27.58
Philippines,PHL,2019,29.87
Poland,POL,2000,11.29
Poland,POL,2001,10.97
Poland,POL,2002,11.05
Poland,POL,2003,11.32
Poland,POL,2004,10.98
Poland,POL,2005,11.73
Poland,POL,2006,13
Poland,POL,2007,13.88
Poland,POL,2008,14.55
Poland,POL,2009,15.03
Poland,POL,2010,14.62
Poland,POL,2011,15.45
Poland,POL,2012,16.55
Poland,POL,2013,17.73
Poland,POL,2014,16.57
Poland,POL,2015,20.15
Poland,POL,2016,20.63
Poland,POL,2017,22.31
Poland,POL,2018,22.29
Poland,POL,2019,23.61
Portugal,PRT,2000,30.48
Portugal,PRT,2001,37.92
Portugal,PRT,2002,41.18
Portugal,PRT,2003,42
Portugal,PRT,2004,35.97
Portugal,PRT,2005,38.33
Portugal,PRT,2006,37.01
Portugal,PRT,2007,38.98
Portugal,PRT,2008,37.75
Portugal,PRT,2009,40.06
Portugal,PRT,2010,40.78
Portugal,PRT,2011,39
Portugal,PRT,2012,42.19
Portugal,PRT,2013,39.14
Portugal,PRT,2014,36.25
Portugal,PRT,2015,37.29
Portugal,PRT,2016,37.37
Portugal,PRT,2017,35.61
Portugal,PRT,2018,36.64
Portugal,PRT,2019,35.31
Qatar,QAT,2000,30.56
Qatar,QAT,2001,29.11
Qatar,QAT,2002,29.19
Qatar,QAT,2003,27.94
Qatar,QAT,2004,26.71
Qatar,QAT,2005,26.37
Qatar,QAT,2006,24.5
Qatar,QAT,2007,22.99
Qatar,QAT,2008,20.25
Qatar,QAT,2009,18.66
Qatar,QAT,2010,17.12
Qatar,QAT,2011,16.01
Qatar,QAT,2012,15.14
Qatar,QAT,2013,14.73
Qatar,QAT,2014,14.58
Qatar,QAT,2015,14.16
Qatar,QAT,2016,14.34
Qatar,QAT,2017,14.67
Qatar,QAT,2018,15.4
Qatar,QAT,2019,16.2
Romania,ROU,2000,7.53
Romania,ROU,2001,7.25
Romania,ROU,2002,7.58
Romania,ROU,2003,8.66
Romania,ROU,2004,8.92
Romania,ROU,2005,8.69
Romania,ROU,2006,8.78
Romania,ROU,2007,9.55
Romania,ROU,2008,9.26
Romania,ROU,2009,9.6
Romania,ROU,2010,10.33
Romania,ROU,2011,9.42
Romania,ROU,2012,9.63
Romania,ROU,2013,9.23
Romania,ROU,2014,9.43
Romania,ROU,2015,10.5
Romania,ROU,2016,11.29
Romania,ROU,2017,10.81
Romania,ROU,2018,11.78
Romania,ROU,2019,11.5
Russia,RUS,2000,7.23
Russia,RUS,2001,7.08
Russia,RUS,2002,7.18
Russia,RUS,2003,7.21
Russia,RUS,2004,6.98
Russia,RUS,2005,7.02
Russia,RUS,2006,6.79
Russia,RUS,2007,6.66
Russia,RUS,2008,6.88
Russia,RUS,2009,7.03
Russia,RUS,2010,7.48
Russia,RUS,2011,7.67
Russia,RUS,2012,8.5
Russia,RUS,2013,9.6
Russia,RUS,2014,11.59
Russia,RUS,2015,12.93
Russia,RUS,2016,14.36
Russia,RUS,2017,14.51
Russia,RUS,2018,13.4
Russia,RUS,2019,12.56
Rwanda,RWA,2000,27.24
Rwanda,RWA,2001,24.94
Rwanda,RWA,2002,23.04
Rwanda,RWA,2003,21.05
Rwanda,RWA,2004,19.07
Rwanda,RWA,2005,17.53
Rwanda,RWA,2006,16.92
Rwanda,RWA,2007,16.35
Rwanda,RWA,2008,15.75
Rwanda,RWA,2009,14.93
Rwanda,RWA,2010,14.4
Rwanda,RWA,2011,14.1
Rwanda,RWA,2012,14.07
Rwanda,RWA,2013,13.86
Rwanda,RWA,2014,13.97
Rwanda,RWA,2015,13.98
Rwanda,RWA,2016,14.14
Rwanda,RWA,2017,14.27
Rwanda,RWA,2018,14.5
Rwanda,RWA,2019,14.75
Saint Lucia,LCA,2000,67.35
Saint Lucia,LCA,2001,68.18
Saint Lucia,LCA,2002,67.34
Saint Lucia,LCA,2003,66.97
Saint Lucia,LCA,2004,65.26
Saint Lucia,LCA,2005,62.29
Saint Lucia,LCA,2006,62.21
Saint Lucia,LCA,2007,59.63
Saint Lucia,LCA,2008,60.43
Saint Lucia,LCA,2009,59.38
Saint Lucia,LCA,2010,59.35
Saint Lucia,LCA,2011,58.2
Saint Lucia,LCA,2012,58.43
Saint Lucia,LCA,2013,59.52
Saint Lucia,LCA,2014,62.86
Saint Lucia,LCA,2015,64.29
Saint Lucia,LCA,2016,69.38
Saint Lucia,LCA,2017,72.49
Saint Lucia,LCA,2018,74.83
Saint Lucia,LCA,2019,76.39
Saint Vincent and the Grenadines,VCT,2000,82.64
Saint Vincent and the Grenadines,VCT,2001,79.93
Saint Vincent and the Grenadines,VCT,2002,90.89
Saint Vincent and the Grenadines,VCT,2003,93.89
Saint Vincent and the Grenadines,VCT,2004,91.38
Saint Vincent and the Grenadines,VCT,2005,77.81
Saint Vincent and the Grenadines,VCT,2006,64.58
Saint Vincent and the Grenadines,VCT,2007,44.5
Saint Vincent and the Grenadines,VCT,2008,37.04
Saint Vincent and the Grenadines,VCT,2009,34.8
Saint Vincent and the Grenadines,VCT,2010,58.43
Saint Vincent and the Grenadines,VCT,2011,77.13
Saint Vincent and the Grenadines,VCT,2012,87.73
Saint Vincent and the Grenadines,VCT,2013,88.24
Saint Vincent and the Grenadines,VCT,2014,78.33
Saint Vincent and the Grenadines,VCT,2015,68.45
Saint Vincent and the Grenadines,VCT,2016,55.83
Saint Vincent and the Grenadines,VCT,2017,53.87
Saint Vincent and the Grenadines,VCT,2018,58.41
Saint Vincent and the Grenadines,VCT,2019,58.42
Samoa,WSM,2000,44.83
Samoa,WSM,2001,46.73
Samoa,WSM,2002,48.41
Samoa,WSM,2003,49.73
Samoa,WSM,2004,51.04
Samoa,WSM,2005,52.49
Samoa,WSM,2006,52.89
Samoa,WSM,2007,53.16
Samoa,WSM,2008,53.41
Samoa,WSM,2009,52.71
Samoa,WSM,2010,53.68
Samoa,WSM,2011,53.8
Samoa,WSM,2012,53.67
Samoa,WSM,2013,52.7
Samoa,WSM,2014,52.41
Samoa,WSM,2015,51.76
Samoa,WSM,2016,52.53
Samoa,WSM,2017,52.87
Samoa,WSM,2018,53.85
Samoa,WSM,2019,54.65
Sao Tome and Principe,STP,2000,5.41
Sao Tome and Principe,STP,2001,5.6
Sao Tome and Principe,STP,2002,5.55
Sao Tome and Principe,STP,2003,4.81
Sao Tome and Principe,STP,2004,4.99
Sao Tome and Principe,STP,2005,5.3
Sao Tome and Principe,STP,2006,5.36
Sao Tome and Principe,STP,2007,5.74
Sao Tome and Principe,STP,2008,5.77
Sao Tome and Principe,STP,2009,5.74
Sao Tome and Principe,STP,2010,5.6
Sao Tome and Principe,STP,2011,5.59
Sao Tome and Principe,STP,2012,5.91
Sao Tome and Principe,STP,2013,5.8
Sao Tome and Principe,STP,2014,5.83
Sao Tome and Principe,STP,2015,5.7
Sao Tome and Principe,STP,2016,5.77
Sao Tome and Principe,STP,2017,6
Sao Tome and Principe,STP,2018,6.02
Sao Tome and Principe,STP,2019,6.09
Saudi Arabia,SAU,2000,13.02
Saudi Arabia,SAU,2001,12.18
Saudi Arabia,SAU,2002,11.7
Saudi Arabia,SAU,2003,11.3
Saudi Arabia,SAU,2004,10.81
Saudi Arabia,SAU,2005,10.63
Saudi Arabia,SAU,2006,10.59
Saudi Arabia,SAU,2007,10.46
Saudi Arabia,SAU,2008,10.31
Saudi Arabia,SAU,2009,10.28
Saudi Arabia,SAU,2010,10.25
Saudi Arabia,SAU,2011,10.12
Saudi Arabia,SAU,2012,10.01
Saudi Arabia,SAU,2013,10.2
Saudi Arabia,SAU,2014,10.52
Saudi Arabia,SAU,2015,10.62
Saudi Arabia,SAU,2016,10.88
Saudi Arabia,SAU,2017,10.99
Saudi Arabia,SAU,2018,11.17
Saudi Arabia,SAU,2019,11.34
Senegal,SEN,2000,15.6
Senegal,SEN,2001,15.44
Senegal,SEN,2002,15.47
Senegal,SEN,2003,15.92
Senegal,SEN,2004,15.85
Senegal,SEN,2005,15.72
Senegal,SEN,2006,15.69
Senegal,SEN,2007,15.4
Senegal,SEN,2008,15.47
Senegal,SEN,2009,15.23
Senegal,SEN,2010,15.23
Senegal,SEN,2011,15.24
Senegal,SEN,2012,15.36
Senegal,SEN,2013,15.31
Senegal,SEN,2014,15.06
Senegal,SEN,2015,14.9
Senegal,SEN,2016,14.76
Senegal,SEN,2017,14.77
Senegal,SEN,2018,14.7
Senegal,SEN,2019,14.7
Serbia,SRB,2000,26.96
Serbia,SRB,2001,25.34
Serbia,SRB,2002,27.84
Serbia,SRB,2003,28.79
Serbia,SRB,2004,28.14
Serbia,SRB,2005,27.24
Serbia,SRB,2006,26.88
Serbia,SRB,2007,32.27
Serbia,SRB,2008,33.91
Serbia,SRB,2009,33.96
Serbia,SRB,2010,35.41
Serbia,SRB,2011,35.08
Serbia,SRB,2012,33.91
Serbia,SRB,2013,31.87
Serbia,SRB,2014,28.69
Serbia,SRB,2015,34.85
Serbia,SRB,2016,36.81
Serbia,SRB,2017,42.44
Serbia,SRB,2018,40.33
Serbia,SRB,2019,41.16
Seychelles,SYC,2000,16.23
Seychelles,SYC,2001,16.25
Seychelles,SYC,2002,16.81
Seychelles,SYC,2003,17.66
Seychelles,SYC,2004,18.03
Seychelles,SYC,2005,18.51
Seychelles,SYC,2006,19.31
Seychelles,SYC,2007,20.05
Seychelles,SYC,2008,20.85
Seychelles,SYC,2009,20.84
Seychelles,SYC,2010,20.67
Seychelles,SYC,2011,20.75
Seychelles,SYC,2012,21.79
Seychelles,SYC,2013,22.63
Seychelles,SYC,2014,23.19
Seychelles,SYC,2015,23.98
Seychelles,SYC,2016,24.75
Seychelles,SYC,2017,25.29
Seychelles,SYC,2018,25.71
Seychelles,SYC,2019,26.13
Sierra Leone,SLE,2000,13.83
Sierra Leone,SLE,2001,14.21
Sierra Leone,SLE,2002,14.59
Sierra Leone,SLE,2003,14.89
Sierra Leone,SLE,2004,14.84
Sierra Leone,SLE,2005,14.77
Sierra Leone,SLE,2006,15.53
Sierra Leone,SLE,2007,15.65
Sierra Leone,SLE,2008,15.89
Sierra Leone,SLE,2009,15.97
Sierra Leone,SLE,2010,16
Sierra Leone,SLE,2011,15.81
Sierra Leone,SLE,2012,15.85
Sierra Leone,SLE,2013,15.46
Sierra Leone,SLE,2014,14.87
Sierra Leone,SLE,2015,14.61
Sierra Leone,SLE,2016,15.05
Sierra Leone,SLE,2017,15.12
Sierra Leone,SLE,2018,15.27
Sierra Leone,SLE,2019,15.23
Singapore,SGP,2000,7.4
Singapore,SGP,2001,10.26
Singapore,SGP,2002,8.35
Singapore,SGP,2003,7.3
Singapore,SGP,2004,8.84
Singapore,SGP,2005,8.99
Singapore,SGP,2006,8.94
Singapore,SGP,2007,9.7
Singapore,SGP,2008,6.66
Singapore,SGP,2009,3.56
Singapore,SGP,2010,2.05
Singapore,SGP,2011,2.87
Singapore,SGP,2012,2.13
Singapore,SGP,2013,1.69
Singapore,SGP,2014,1.71
Singapore,SGP,2015,1.39
Singapore,SGP,2016,1.9
Singapore,SGP,2017,1.85
Singapore,SGP,2018,1.85
Singapore,SGP,2019,1.85
Slovakia,SVK,2000,10.5
Slovakia,SVK,2001,10.65
Slovakia,SVK,2002,10.07
Slovakia,SVK,2003,10.59
Slovakia,SVK,2004,10.16
Slovakia,SVK,2005,9.75
Slovakia,SVK,2006,9.66
Slovakia,SVK,2007,8.6
Slovakia,SVK,2008,8.43
Slovakia,SVK,2009,9.06
Slovakia,SVK,2010,8.69
Slovakia,SVK,2011,10.4
Slovakia,SVK,2012,13.1
Slovakia,SVK,2013,10.75
Slovakia,SVK,2014,12.14
Slovakia,SVK,2015,12.5
Slovakia,SVK,2016,12.67
Slovakia,SVK,2017,12.77
Slovakia,SVK,2018,13.11
Slovakia,SVK,2019,13.74
Slovenia,SVN,2000,24.18
Slovenia,SVN,2001,27.16
Slovenia,SVN,2002,29.29
Slovenia,SVN,2003,33.62
Slovenia,SVN,2004,30
Slovenia,SVN,2005,24.51
Slovenia,SVN,2006,18.05
Slovenia,SVN,2007,12.06
Slovenia,SVN,2008,12.23
Slovenia,SVN,2009,10.41
Slovenia,SVN,2010,11.17
Slovenia,SVN,2011,12.62
Slovenia,SVN,2012,14.3
Slovenia,SVN,2013,14.58
Slovenia,SVN,2014,12.46
Slovenia,SVN,2015,14.19
Slovenia,SVN,2016,12.8
Slovenia,SVN,2017,14.29
Slovenia,SVN,2018,12.5
Slovenia,SVN,2019,16.37
Solomon Islands,SLB,2000,26.91
Solomon Islands,SLB,2001,27.52
Solomon Islands,SLB,2002,28.88
Solomon Islands,SLB,2003,31.12
Solomon Islands,SLB,2004,29.22
Solomon Islands,SLB,2005,32.45
Solomon Islands,SLB,2006,32.47
Solomon Islands,SLB,2007,37.09
Solomon Islands,SLB,2008,39.82
Solomon Islands,SLB,2009,39.93
Solomon Islands,SLB,2010,39.89
Solomon Islands,SLB,2011,41.17
Solomon Islands,SLB,2012,42.29
Solomon Islands,SLB,2013,43.33
Solomon Islands,SLB,2014,44.75
Solomon Islands,SLB,2015,46.01
Solomon Islands,SLB,2016,47.21
Solomon Islands,SLB,2017,46.98
Solomon Islands,SLB,2018,47.63
Solomon Islands,SLB,2019,48.09
Somalia,SOM,2000,19.41
Somalia,SOM,2001,19.23
Somalia,SOM,2002,19.2
Somalia,SOM,2003,19.47
Somalia,SOM,2004,19.65
Somalia,SOM,2005,19.74
Somalia,SOM,2006,19.44
Somalia,SOM,2007,19.45
Somalia,SOM,2008,19.75
Somalia,SOM,2009,19.77
Somalia,SOM,2010,19.34
Somalia,SOM,2011,19.15
Somalia,SOM,2012,19.33
Somalia,SOM,2013,19.32
Somalia,SOM,2014,19.17
Somalia,SOM,2015,19.01
Somalia,SOM,2016,18.93
Somalia,SOM,2017,18.82
Somalia,SOM,2018,18.8
Somalia,SOM,2019,18.75
South Africa,ZAF,2000,42.69
South Africa,ZAF,2001,43.98
South Africa,ZAF,2002,45.94
South Africa,ZAF,2003,47.73
South Africa,ZAF,2004,48.15
South Africa,ZAF,2005,49.38
South Africa,ZAF,2006,51.54
South Africa,ZAF,2007,52.98
South Africa,ZAF,2008,54.88
South Africa,ZAF,2009,55.99
South Africa,ZAF,2010,56.16
South Africa,ZAF,2011,55.6
South Africa,ZAF,2012,55.31
South Africa,ZAF,2013,55.71
South Africa,ZAF,2014,57.7
South Africa,ZAF,2015,59.63
South Africa,ZAF,2016,60.54
South Africa,ZAF,2017,59.77
South Africa,ZAF,2018,54.27
South Africa,ZAF,2019,51.51
South America,,2000,17.850498
South America,,2001,17.824389
South America,,2002,18.070284
South America,,2003,18.584698
South America,,2004,18.795366
South America,,2005,18.652761
South America,,2006,19.184048
South America,,2007,19.854603
South America,,2008,20.14981
South America,,2009,20.433386
South America,,2010,21.375988
South America,,2011,21.892015
South America,,2012,21.690214
South America,,2013,21.941746
South America,,2014,22.159859
South America,,2015,22.664078
South America,,2016,23.187935
South America,,2017,23.42854
South America,,2018,23.816732
South America,,2019,24.177074
South Korea,KOR,2000,21.97
South Korea,KOR,2001,22.8
South Korea,KOR,2002,23.35
South Korea,KOR,2003,23.58
South Korea,KOR,2004,23.02
South Korea,KOR,2005,23.08
South Korea,KOR,2006,22.42
South Korea,KOR,2007,21.34
South Korea,KOR,2008,19.05
South Korea,KOR,2009,17.82
South Korea,KOR,2010,18.64
South Korea,KOR,2011,19.02
South Korea,KOR,2012,20.05
South Korea,KOR,2013,18.59
South Korea,KOR,2014,17.62
South Korea,KOR,2015,17.39
South Korea,KOR,2016,15.93
South Korea,KOR,2017,14.92
South Korea,KOR,2018,14.36
South Korea,KOR,2019,13.3
South Sudan,SSD,2000,11.57
South Sudan,SSD,2001,11.21
South Sudan,SSD,2002,11.06
South Sudan,SSD,2003,11.12
South Sudan,SSD,2004,11.12
South Sudan,SSD,2005,11.01
South Sudan,SSD,2006,11.06
South Sudan,SSD,2007,11
South Sudan,SSD,2008,10.93
South Sudan,SSD,2009,10.81
South Sudan,SSD,2010,10.81
South Sudan,SSD,2011,10.91
South Sudan,SSD,2012,11.3
South Sudan,SSD,2013,10.7
South Sudan,SSD,2014,10.5
South Sudan,SSD,2015,10.93
South Sudan,SSD,2016,11.31
South Sudan,SSD,2017,11.26
South Sudan,SSD,2018,11.78
South Sudan,SSD,2019,11.82
Spain,ESP,2000,20.16
Spain,ESP,2001,20.73
Spain,ESP,2002,20.82
Spain,ESP,2003,21.17
Spain,ESP,2004,20.45
Spain,ESP,2005,20.72
Spain,ESP,2006,19.12
Spain,ESP,2007,19.73
Spain,ESP,2008,19.39
Spain,ESP,2009,18.63
Spain,ESP,2010,17.96
Spain,ESP,2011,18.33
Spain,ESP,2012,17.96
Spain,ESP,2013,16.83
Spain,ESP,2014,17.22
Spain,ESP,2015,18.26
Spain,ESP,2016,16.53
Spain,ESP,2017,17.75
Spain,ESP,2018,16.96
Spain,ESP,2019,16.65
Sri Lanka,LKA,2000,15.48
Sri Lanka,LKA,2001,15.72
Sri Lanka,LKA,2002,16.13
Sri Lanka,LKA,2003,18.65
Sri Lanka,LKA,2004,21.38
Sri Lanka,LKA,2005,28.21
Sri Lanka,LKA,2006,42.84
Sri Lanka,LKA,2007,41.2
Sri Lanka,LKA,2008,37.17
Sri Lanka,LKA,2009,47.83
Sri Lanka,LKA,2010,47.09
Sri Lanka,LKA,2011,44.42
Sri Lanka,LKA,2012,49.07
Sri Lanka,LKA,2013,50.84
Sri Lanka,LKA,2014,50.91
Sri Lanka,LKA,2015,52.51
Sri Lanka,LKA,2016,54.16
Sri Lanka,LKA,2017,55.72
Sri Lanka,LKA,2018,57.17
Sri Lanka,LKA,2019,58.5
Sudan,SDN,2000,4.35
Sudan,SDN,2001,4.52
Sudan,SDN,2002,4.68
Sudan,SDN,2003,4.77
Sudan,SDN,2004,4.87
Sudan,SDN,2005,5.05
Sudan,SDN,2006,5.16
Sudan,SDN,2007,5.28
Sudan,SDN,2008,5.43
Sudan,SDN,2009,5.63
Sudan,SDN,2010,5.7
Sudan,SDN,2011,6.08
Sudan,SDN,2012,6.12
Sudan,SDN,2013,6.34
Sudan,SDN,2014,6.52
Sudan,SDN,2015,6.68
Sudan,SDN,2016,6.82
Sudan,SDN,2017,6.93
Sudan,SDN,2018,7.08
Sudan,SDN,2019,7.17
Suriname,SUR,2000,26.9
Suriname,SUR,2001,28.45
Suriname,SUR,2002,29.17
Suriname,SUR,2003,29.22
Suriname,SUR,2004,29.46
Suriname,SUR,2005,29.64
Suriname,SUR,2006,29.98
Suriname,SUR,2007,30.6
Suriname,SUR,2008,31.3
Suriname,SUR,2009,32.21
Suriname,SUR,2010,33.36
Suriname,SUR,2011,33.88
Suriname,SUR,2012,34.71
Suriname,SUR,2013,35.76
Suriname,SUR,2014,36.67
Suriname,SUR,2015,38.44
Suriname,SUR,2016,40.86
Suriname,SUR,2017,43.45
Suriname,SUR,2018,47.21
Suriname,SUR,2019,49.24
Sweden,SWE,2000,18
Sweden,SWE,2001,19.18
Sweden,SWE,2002,19.6
Sweden,SWE,2003,19.44
Sweden,SWE,2004,19.72
Sweden,SWE,2005,19.75
Sweden,SWE,2006,19.71
Sweden,SWE,2007,19.18
Sweden,SWE,2008,19.4
Sweden,SWE,2009,18.53
Sweden,SWE,2010,18.28
Sweden,SWE,2011,17.99
Sweden,SWE,2012,17.82
Sweden,SWE,2013,17.48
Sweden,SWE,2014,16.24
Sweden,SWE,2015,17.41
Sweden,SWE,2016,17.23
Sweden,SWE,2017,18.55
Sweden,SWE,2018,17.77
Sweden,SWE,2019,18.34
Switzerland,CHE,2000,19.54
Switzerland,CHE,2001,19.97
Switzerland,CHE,2002,19.66
Switzerland,CHE,2003,22.27
Switzerland,CHE,2004,18.54
Switzerland,CHE,2005,16.43
Switzerland,CHE,2006,15.47
Switzerland,CHE,2007,15.61
Switzerland,CHE,2008,16.33
Switzerland,CHE,2009,14.79
Switzerland,CHE,2010,12.66
Switzerland,CHE,2011,12.13
Switzerland,CHE,2012,12.18
Switzerland,CHE,2013,12.65
Switzerland,CHE,2014,11.22
Switzerland,CHE,2015,12.04
Switzerland,CHE,2016,11.55
Switzerland,CHE,2017,11.49
Switzerland,CHE,2018,11.98
Switzerland,CHE,2019,11.89
Syria,SYR,2000,8.31
Syria,SYR,2001,7.6
Syria,SYR,2002,7.44
Syria,SYR,2003,6.81
Syria,SYR,2004,6.57
Syria,SYR,2005,6.19
Syria,SYR,2006,6.05
Syria,SYR,2007,5.97
Syria,SYR,2008,5.98
Syria,SYR,2009,5.85
Syria,SYR,2010,5.98
Syria,SYR,2011,6.27
Syria,SYR,2012,6.7
Syria,SYR,2013,7.25
Syria,SYR,2014,7.3
Syria,SYR,2015,7.4
Syria,SYR,2016,7.81
Syria,SYR,2017,8.46
Syria,SYR,2018,8.77
Syria,SYR,2019,8.97
Tajikistan,TJK,2000,7.97
Tajikistan,TJK,2001,8.14
Tajikistan,TJK,2002,8.4
Tajikistan,TJK,2003,8.64
Tajikistan,TJK,2004,9.15
Tajikistan,TJK,2005,9.89
Tajikistan,TJK,2006,10.28
Tajikistan,TJK,2007,10.84
Tajikistan,TJK,2008,11.31
Tajikistan,TJK,2009,11.78
Tajikistan,TJK,2010,12.6
Tajikistan,TJK,2011,13.36
Tajikistan,TJK,2012,14.03
Tajikistan,TJK,2013,14.57
Tajikistan,TJK,2014,15.64
Tajikistan,TJK,2015,16.79
Tajikistan,TJK,2016,18.4
Tajikistan,TJK,2017,18.14
Tajikistan,TJK,2018,17.62
Tajikistan,TJK,2019,17.34
Tanzania,TZA,2000,14.53
Tanzania,TZA,2001,13.94
Tanzania,TZA,2002,13.15
Tanzania,TZA,2003,12.64
Tanzania,TZA,2004,11.9
Tanzania,TZA,2005,11.44
Tanzania,TZA,2006,11.59
Tanzania,TZA,2007,11.83
Tanzania,TZA,2008,12.34
Tanzania,TZA,2009,11.99
Tanzania,TZA,2010,11.37
Tanzania,TZA,2011,11.15
Tanzania,TZA,2012,10.47
Tanzania,TZA,2013,10.76
Tanzania,TZA,2014,10.37
Tanzania,TZA,2015,10.37
Tanzania,TZA,2016,10.69
Tanzania,TZA,2017,10.65
Tanzania,TZA,2018,10.57
Tanzania,TZA,2019,10.77
Thailand,THA,2000,19.31
Thailand,THA,2001,17.29
Thailand,THA,2002,16.98
Thailand,THA,2003,16.45
Thailand,THA,2004,17.14
Thailand,THA,2005,16.88
Thailand,THA,2006,16.98
Thailand,THA,2007,16.82
Thailand,THA,2008,16.88
Thailand,THA,2009,16.88
Thailand,THA,2010,17.45
Thailand,THA,2011,17.76
Thailand,THA,2012,18.41
Thailand,THA,2013,19.45
Thailand,THA,2014,21.09
Thailand,THA,2015,22.66
Thailand,THA,2016,24.35
Thailand,THA,2017,24.98
Thailand,THA,2018,26.11
Thailand,THA,2019,26.98
Togo,TGO,2000,15.05
Togo,TGO,2001,15.41
Togo,TGO,2002,15.72
Togo,TGO,2003,16.1
Togo,TGO,2004,16.09
Togo,TGO,2005,16.03
Togo,TGO,2006,16.31
Togo,TGO,2007,16.32
Togo,TGO,2008,16.25
Togo,TGO,2009,15.96
Togo,TGO,2010,15.72
Togo,TGO,2011,15.81
Togo,TGO,2012,15.8
Togo,TGO,2013,15.72
Togo,TGO,2014,15.56
Togo,TGO,2015,15.25
Togo,TGO,2016,14.98
Togo,TGO,2017,14.7
Togo,TGO,2018,14.57
Togo,TGO,2019,14.62
Tonga,TON,2000,60.68
Tonga,TON,2001,62.13
Tonga,TON,2002,64.19
Tonga,TON,2003,66.49
Tonga,TON,2004,67.13
Tonga,TON,2005,65.3
Tonga,TON,2006,64.69
Tonga,TON,2007,64.99
Tonga,TON,2008,64.97
Tonga,TON,2009,65.27
Tonga,TON,2010,65.69
Tonga,TON,2011,67.23
Tonga,TON,2012,69.08
Tonga,TON,2013,70.58
Tonga,TON,2014,72.28
Tonga,TON,2015,73.65
Tonga,TON,2016,73.49
Tonga,TON,2017,73.51
Tonga,TON,2018,72.91
Tonga,TON,2019,71.49
Trinidad and Tobago,TTO,2000,93.37
Trinidad and Tobago,TTO,2001,95.56
Trinidad and Tobago,TTO,2002,94.09
Trinidad and Tobago,TTO,2003,100.69
Trinidad and Tobago,TTO,2004,99.68
Trinidad and Tobago,TTO,2005,98.89
Trinidad and Tobago,TTO,2006,95.52
Trinidad and Tobago,TTO,2007,95.38
Trinidad and Tobago,TTO,2008,101.24
Trinidad and Tobago,TTO,2009,90.56
Trinidad and Tobago,TTO,2010,95.01
Trinidad and Tobago,TTO,2011,87.98
Trinidad and Tobago,TTO,2012,89.03
Trinidad and Tobago,TTO,2013,91.42
Trinidad and Tobago,TTO,2014,91.45
Trinidad and Tobago,TTO,2015,91.51
Trinidad and Tobago,TTO,2016,92.26
Trinidad and Tobago,TTO,2017,92.04
Trinidad and Tobago,TTO,2018,91.49
Trinidad and Tobago,TTO,2019,91.42
Tunisia,TUN,2000,8.58
Tunisia,TUN,2001,9.01
Tunisia,TUN,2002,9.43
Tunisia,TUN,2003,9.77
Tunisia,TUN,2004,10.21
Tunisia,TUN,2005,10.57
Tunisia,TUN,2006,11.03
Tunisia,TUN,2007,11.48
Tunisia,TUN,2008,11.89
Tunisia,TUN,2009,12.25
Tunisia,TUN,2010,12.61
Tunisia,TUN,2011,12.97
Tunisia,TUN,2012,13.26
Tunisia,TUN,2013,13.4
Tunisia,TUN,2014,13.66
Tunisia,TUN,2015,13.92
Tunisia,TUN,2016,14.24
Tunisia,TUN,2017,14.59
Tunisia,TUN,2018,14.85
Tunisia,TUN,2019,15.15
Turkey,TUR,2000,19.12
Turkey,TUR,2001,18.97
Turkey,TUR,2002,18.93
Turkey,TUR,2003,18.63
Turkey,TUR,2004,18.55
Turkey,TUR,2005,18.53
Turkey,TUR,2006,19.11
Turkey,TUR,2007,19.74
Turkey,TUR,2008,20.79
Turkey,TUR,2009,22.15
Turkey,TUR,2010,22.73
Turkey,TUR,2011,22.23
Turkey,TUR,2012,21.41
Turkey,TUR,2013,20.99
Turkey,TUR,2014,20.73
Turkey,TUR,2015,20.35
Turkey,TUR,2016,20.52
Turkey,TUR,2017,20.87
Turkey,TUR,2018,20.98
Turkey,TUR,2019,21.46
Turkmenistan,TKM,2000,9.48
Turkmenistan,TKM,2001,9.37
Turkmenistan,TKM,2002,10.46
Turkmenistan,TKM,2003,10.76
Turkmenistan,TKM,2004,11.13
Turkmenistan,TKM,2005,11.66
Turkmenistan,TKM,2006,11.38
Turkmenistan,TKM,2007,11.6
Turkmenistan,TKM,2008,11.84
Turkmenistan,TKM,2009,10.94
Turkmenistan,TKM,2010,10.59
Turkmenistan,TKM,2011,10.65
Turkmenistan,TKM,2012,10.49
Turkmenistan,TKM,2013,10.7
Turkmenistan,TKM,2014,11.09
Turkmenistan,TKM,2015,11.13
Turkmenistan,TKM,2016,11.23
Turkmenistan,TKM,2017,10.98
Turkmenistan,TKM,2018,11.22
Turkmenistan,TKM,2019,11.67
Uganda,UGA,2000,17.52
Uganda,UGA,2001,17.18
Uganda,UGA,2002,16.69
Uganda,UGA,2003,16.37
Uganda,UGA,2004,16.26
Uganda,UGA,2005,16.09
Uganda,UGA,2006,15.62
Uganda,UGA,2007,14.22
Uganda,UGA,2008,13.34
Uganda,UGA,2009,13.03
Uganda,UGA,2010,12.52
Uganda,UGA,2011,12.55
Uganda,UGA,2012,11.89
Uganda,UGA,2013,11.56
Uganda,UGA,2014,11.04
Uganda,UGA,2015,10.9
Uganda,UGA,2016,11.1
Uganda,UGA,2017,10.56
Uganda,UGA,2018,10.55
Uganda,UGA,2019,10.82
Ukraine,UKR,2000,7.13
Ukraine,UKR,2001,6.78
Ukraine,UKR,2002,6.72
Ukraine,UKR,2003,6.65
Ukraine,UKR,2004,6.58
Ukraine,UKR,2005,6.71
Ukraine,UKR,2006,6.41
Ukraine,UKR,2007,6.44
Ukraine,UKR,2008,6.36
Ukraine,UKR,2009,5.78
Ukraine,UKR,2010,5.6
Ukraine,UKR,2011,5.28
Ukraine,UKR,2012,5.23
Ukraine,UKR,2013,5.09
Ukraine,UKR,2014,5.24
Ukraine,UKR,2015,4.93
Ukraine,UKR,2016,4.98
Ukraine,UKR,2017,4.95
Ukraine,UKR,2018,5.15
Ukraine,UKR,2019,5.13
United Arab Emirates,ARE,2000,9.8
United Arab Emirates,ARE,2001,9.76
United Arab Emirates,ARE,2002,9.69
United Arab Emirates,ARE,2003,9.72
United Arab Emirates,ARE,2004,9.9
United Arab Emirates,ARE,2005,10.19
United Arab Emirates,ARE,2006,9.5
United Arab Emirates,ARE,2007,9.44
United Arab Emirates,ARE,2008,8.83
United Arab Emirates,ARE,2009,8.7
United Arab Emirates,ARE,2010,8.71
United Arab Emirates,ARE,2011,9.03
United Arab Emirates,ARE,2012,9.35
United Arab Emirates,ARE,2013,9.65
United Arab Emirates,ARE,2014,9.89
United Arab Emirates,ARE,2015,10.08
United Arab Emirates,ARE,2016,10.55
United Arab Emirates,ARE,2017,11.09
United Arab Emirates,ARE,2018,11.69
United Arab Emirates,ARE,2019,12.35
United Kingdom,GBR,2000,9.88
United Kingdom,GBR,2001,10.76
United Kingdom,GBR,2002,10.75
United Kingdom,GBR,2003,10.95
United Kingdom,GBR,2004,10.2
United Kingdom,GBR,2005,9.7
United Kingdom,GBR,2006,9.35
United Kingdom,GBR,2007,9.11
United Kingdom,GBR,2008,9.14
United Kingdom,GBR,2009,8.53
United Kingdom,GBR,2010,8.4
United Kingdom,GBR,2011,7.84
United Kingdom,GBR,2012,7.88
United Kingdom,GBR,2013,7.81
United Kingdom,GBR,2014,8.25
United Kingdom,GBR,2015,8.48
United Kingdom,GBR,2016,8.72
United Kingdom,GBR,2017,8.47
United Kingdom,GBR,2018,8.57
United Kingdom,GBR,2019,8.66
United States,USA,2000,20.49
United States,USA,2001,20.72
United States,USA,2002,20.97
United States,USA,2003,20.88
United States,USA,2004,20.22
United States,USA,2005,20.36
United States,USA,2006,19.22
United States,USA,2007,18.47
United States,USA,2008,17.9
United States,USA,2009,17.03
United States,USA,2010,16.62
United States,USA,2011,17.25
United States,USA,2012,16.91
United States,USA,2013,16.89
United States,USA,2014,16.72
United States,USA,2015,17.11
United States,USA,2016,17.18
United States,USA,2017,17.96
United States,USA,2018,18.23
United States,USA,2019,18.67
Uruguay,URY,2000,16.5
Uruguay,URY,2001,16.69
Uruguay,URY,2002,16.2
Uruguay,URY,2003,17.76
Uruguay,URY,2004,18.09
Uruguay,URY,2005,16.91
Uruguay,URY,2006,17.36
Uruguay,URY,2007,17.76
Uruguay,URY,2008,15.96
Uruguay,URY,2009,17.1
Uruguay,URY,2010,17.91
Uruguay,URY,2011,18.44
Uruguay,URY,2012,17.58
Uruguay,URY,2013,19.1
Uruguay,URY,2014,20.35
Uruguay,URY,2015,20.65
Uruguay,URY,2016,21.64
Uruguay,URY,2017,19.13
Uruguay,URY,2018,20.94
Uruguay,URY,2019,21.59
Uzbekistan,UZB,2000,12.31
Uzbekistan,UZB,2001,12.47
Uzbekistan,UZB,2002,13.59
Uzbekistan,UZB,2003,14.23
Uzbekistan,UZB,2004,14.46
Uzbekistan,UZB,2005,15.96
Uzbekistan,UZB,2006,15.24
Uzbekistan,UZB,2007,15.38
Uzbekistan,UZB,2008,15.53
Uzbekistan,UZB,2009,14.94
Uzbekistan,UZB,2010,15.89
Uzbekistan,UZB,2011,16.6
Uzbekistan,UZB,2012,17.4
Uzbekistan,UZB,2013,17.47
Uzbekistan,UZB,2014,18.25
Uzbekistan,UZB,2015,18.42
Uzbekistan,UZB,2016,18.76
Uzbekistan,UZB,2017,18.77
Uzbekistan,UZB,2018,18.86
Uzbekistan,UZB,2019,18.8
Vanuatu,VUT,2000,27.38
Vanuatu,VUT,2001,28.52
Vanuatu,VUT,2002,29.64
Vanuatu,VUT,2003,30.6
Vanuatu,VUT,2004,31.72
Vanuatu,VUT,2005,32.73
Vanuatu,VUT,2006,34.4
Vanuatu,VUT,2007,35.18
Vanuatu,VUT,2008,36.13
Vanuatu,VUT,2009,38.21
Vanuatu,VUT,2010,39.23
Vanuatu,VUT,2011,39.69
Vanuatu,VUT,2012,40.54
Vanuatu,VUT,2013,40.82
Vanuatu,VUT,2014,40.72
Vanuatu,VUT,2015,40.97
Vanuatu,VUT,2016,41.49
Vanuatu,VUT,2017,41.64
Vanuatu,VUT,2018,41.97
Vanuatu,VUT,2019,42.3
Venezuela,VEN,2000,18.18
Venezuela,VEN,2001,18.82
Venezuela,VEN,2002,18.22
Venezuela,VEN,2003,19.99
Venezuela,VEN,2004,19.79
Venezuela,VEN,2005,19.91
Venezuela,VEN,2006,19.13
Venezuela,VEN,2007,20.67
Venezuela,VEN,2008,21.95
Venezuela,VEN,2009,22.78
Venezuela,VEN,2010,24.36
Venezuela,VEN,2011,24.91
Venezuela,VEN,2012,26.17
Venezuela,VEN,2013,27.75
Venezuela,VEN,2014,31.89
Venezuela,VEN,2015,31.45
Venezuela,VEN,2016,33.97
Venezuela,VEN,2017,35.97
Venezuela,VEN,2018,37.42
Venezuela,VEN,2019,39.22
Vietnam,VNM,2000,20.36
Vietnam,VNM,2001,20.87
Vietnam,VNM,2002,21.4
Vietnam,VNM,2003,21.82
Vietnam,VNM,2004,22.33
Vietnam,VNM,2005,22.83
Vietnam,VNM,2006,23.49
Vietnam,VNM,2007,24.3
Vietnam,VNM,2008,25.07
Vietnam,VNM,2009,25.67
Vietnam,VNM,2010,26.28
Vietnam,VNM,2011,27.27
Vietnam,VNM,2012,28.34
Vietnam,VNM,2013,29.21
Vietnam,VNM,2014,30.34
Vietnam,VNM,2015,31.32
Vietnam,VNM,2016,32.52
Vietnam,VNM,2017,33.36
Vietnam,VNM,2018,34.29
Vietnam,VNM,2019,35.09
World,OWID_WRL,2000,14.366697
World,OWID_WRL,2001,14.701838
World,OWID_WRL,2002,15.121912
World,OWID_WRL,2003,15.473932
World,OWID_WRL,2004,15.48597
World,OWID_WRL,2005,15.806368
World,OWID_WRL,2006,15.982964
World,OWID_WRL,2007,16.129381
World,OWID_WRL,2008,16.34447
World,OWID_WRL,2009,16.28441
World,OWID_WRL,2010,16.391556
World,OWID_WRL,2011,16.643301
World,OWID_WRL,2012,17.021004
World,OWID_WRL,2013,17.297297
World,OWID_WRL,2014,17.620497
World,OWID_WRL,2015,18.064943
World,OWID_WRL,2016,18.470898
World,OWID_WRL,2017,18.797504
World,OWID_WRL,2018,19.113707
World,OWID_WRL,2019,19.38482
Yemen,YEM,2000,4.75
Yemen,YEM,2001,4.86
Yemen,YEM,2002,4.93
Yemen,YEM,2003,4.93
Yemen,YEM,2004,4.97
Yemen,YEM,2005,4.99
Yemen,YEM,2006,5.04
Yemen,YEM,2007,5.11
Yemen,YEM,2008,5.18
Yemen,YEM,2009,5.21
Yemen,YEM,2010,5.19
Yemen,YEM,2011,5.29
Yemen,YEM,2012,5.38
Yemen,YEM,2013,5.49
Yemen,YEM,2014,5.55
Yemen,YEM,2015,5.61
Yemen,YEM,2016,5.75
Yemen,YEM,2017,5.88
Yemen,YEM,2018,6.02
Yemen,YEM,2019,6.15
Zambia,ZMB,2000,21.69
Zambia,ZMB,2001,20.66
Zambia,ZMB,2002,19.99
Zambia,ZMB,2003,19.12
Zambia,ZMB,2004,19.13
Zambia,ZMB,2005,18.42
Zambia,ZMB,2006,18.14
Zambia,ZMB,2007,16.85
Zambia,ZMB,2008,16.16
Zambia,ZMB,2009,15.93
Zambia,ZMB,2010,16.2
Zambia,ZMB,2011,16.35
Zambia,ZMB,2012,15.48
Zambia,ZMB,2013,15.07
Zambia,ZMB,2014,14.68
Zambia,ZMB,2015,14.18
Zambia,ZMB,2016,13.92
Zambia,ZMB,2017,14.14
Zambia,ZMB,2018,13.97
Zambia,ZMB,2019,13.38
Zimbabwe,ZWE,2000,14.55
Zimbabwe,ZWE,2001,15.39
Zimbabwe,ZWE,2002,16.51
Zimbabwe,ZWE,2003,17.29
Zimbabwe,ZWE,2004,18.68
Zimbabwe,ZWE,2005,19.68
Zimbabwe,ZWE,2006,20.89
Zimbabwe,ZWE,2007,23.37
Zimbabwe,ZWE,2008,25.47
Zimbabwe,ZWE,2009,26.67
Zimbabwe,ZWE,2010,25.99
Zimbabwe,ZWE,2011,25.22
Zimbabwe,ZWE,2012,24.8
Zimbabwe,ZWE,2013,24.3
Zimbabwe,ZWE,2014,24.29
Zimbabwe,ZWE,2015,24.17
Zimbabwe,ZWE,2016,23.95
Zimbabwe,ZWE,2017,23.1
Zimbabwe,ZWE,2018,22.73
Zimbabwe,ZWE,2019,22.9